team,player,position,depth,status,source
MIA,Artie Burns,CB,,Injured Reserve,sportsdataio
MIA,Cornell Armstrong,CB,,Practice Squad,sportsdataio
MIA,Jason Sanders,K,,Injured Reserve,sportsdataio
MIA,Jeff Wilson Jr.,RB,,Practice Squad,sportsdataio
MIA,Alexander Mattison,RB,,Injured Reserve,sportsdataio
MIA,Quinton Bell,LB,,Practice Squad,sportsdataio
MIA,JaMycal Hasty,RB,,Practice Squad,sportsdataio
MIA,Riley Patterson,K,,Practice Squad,sportsdataio
MIA,Theo Wease Jr.,WR,,Practice Squad,sportsdataio
MIA,Greg Dulcich,TE,,Practice Squad,sportsdataio
MIA,Obinna Eze,OL,,Injured Reserve,sportsdataio
MIA,JuJu Brents,CB,,Active,sportsdataio
MIA,Braeden Daniels,OL,,Practice Squad,sportsdataio
MIA,Bayron Matos,OT,,Injured Reserve,sportsdataio
MIA,Derrick McLendon,LB,,Practice Squad,sportsdataio
MIA,Hayden Rucci,TE,,Practice Squad,sportsdataio
MIA,Jordan Colbert,S,,Practice Squad,sportsdataio
MIA,BJ Adams,CB,,Practice Squad,sportsdataio
MIA,John Saunders Jr.,S,,Practice Squad,sportsdataio
MIA,AJ Henning,WR,,Practice Squad,sportsdataio
MIA,Josh Priebe,OL,,Practice Squad,sportsdataio
MIA,Alex Huntley,DT,,Practice Squad,sportsdataio
MIA,Zach Wilson,QB,,Active,sportsdataio
MIA,Tua Tagovailoa,QB,,Active,sportsdataio
MIA,Bradley Chubb,LB,,Active,sportsdataio
MIA,K.J. Britt,LB,,Active,sportsdataio
MIA,Kader Kohou,CB,,Injured Reserve,sportsdataio
MIA,Jaylen Wright,RB,,Active,sportsdataio
MIA,Malik Washington,WR,,Active,sportsdataio
MIA,Tahj Washington,WR,,Active,sportsdataio
MIA,Matthew Judon,OLB,,Active,sportsdataio
MIA,Ifeatu Melifonwu,S,,Active,sportsdataio
MIA,Tyreek Hill,WR,,Active,sportsdataio
MIA,Tyrel Dodson,LB,,Active,sportsdataio
MIA,Quinn Ewers,QB,,Active,sportsdataio
MIA,Jaelan Phillips,LB,,Active,sportsdataio
MIA,Jake Bailey,P,,Active,sportsdataio
MIA,Jaylen Waddle,WR,,Active,sportsdataio
MIA,Nick Westbrook-Ikhine,WR,,Active,sportsdataio
MIA,Jordyn Brooks,LB,,Active,sportsdataio
MIA,Ashtyn Davis,S,,Active,sportsdataio
MIA,Elijah Campbell,DB,,Active,sportsdataio
MIA,Jack Jones,CB,,Active,sportsdataio
MIA,Cam Smith,CB,,Non Football Injury,sportsdataio
MIA,Dante Trader Jr.,S,,Active,sportsdataio
MIA,Rasul Douglas,CB,,Active,sportsdataio
MIA,Ethan Bonner,CB,,Active,sportsdataio
MIA,De'Von Achane,RB,,Active,sportsdataio
MIA,Minkah Fitzpatrick,S,,Active,sportsdataio
MIA,Alec Ingold,FB,,Active,sportsdataio
MIA,Ollie Gordon II,RB,,Active,sportsdataio
MIA,Jason Marshall Jr.,CB,,Active,sportsdataio
MIA,Storm Duck,CB,,Active,sportsdataio
MIA,Willie Gay Jr.,LB,,Active,sportsdataio
MIA,Jason Maitre,CB,,Injured Reserve,sportsdataio
MIA,Chop Robinson,LB,,Active,sportsdataio
MIA,Jalin Conyers,TE,,Injured Reserve,sportsdataio
MIA,Patrick Paul,OT,,Active,sportsdataio
MIA,Cameron Goode,LB,,Active,sportsdataio
MIA,Aaron Brewer,OL,,Active,sportsdataio
MIA,Andrew Meyer,OL,,Injured Reserve,sportsdataio
MIA,Germain Ifedi,G,,Injured Reserve,sportsdataio
MIA,Yodny Cajuste,OT,,Injured Reserve,sportsdataio
MIA,Daniel Brunskill,G,,Active,sportsdataio
MIA,Joe Cardona,LS,,Active,sportsdataio
MIA,Kendall Lamm,OT,,Active,sportsdataio
MIA,Kion Smith,OT,,Active,sportsdataio
MIA,Jonah Savaiinaea,OL,,Active,sportsdataio
MIA,Austin Jackson,OL,,Active,sportsdataio
MIA,Liam Eichenberg,OL,,Physically Unable to Perform,sportsdataio
MIA,James Daniels,G,,Active,sportsdataio
MIA,Larry Borom,OT,,Active,sportsdataio
MIA,Tanner Conner,TE,,Active,sportsdataio
MIA,Dee Eskridge,WR,,Active,sportsdataio
MIA,Darren Waller,TE,,Active,sportsdataio
MIA,Julian Hill,TE,,Active,sportsdataio
MIA,Kenneth Grant,DT,,Active,sportsdataio
MIA,Matthew Butler,DT,,Active,sportsdataio
MIA,Zach Sieler,DT,,Active,sportsdataio
MIA,Zeek Biggers,DT,,Active,sportsdataio
MIA,Jordan Phillips,DT,,Active,sportsdataio
MIA,Benito Jones,DT,,Active,sportsdataio
