player_id,first_name,last_name,position,jersey_number,team_id,team_abbr,roster_status,injury_description,playing_probability,last_updated_on
6826,Ameer,Abdullah,RB,38,65,IND,ROSTER,ribs,OUT,2025-09-15T12:40:02.401Z
112073,Nate,Adkins,TE,45,72,DEN,ROSTER,ankle,QUESTIONABLE,2025-09-15T12:40:02.401Z
12937,Jamal,Agnew,WR,14,68,ATL,ROSTER,groin,QUESTIONABLE,2025-09-15T12:40:02.401Z
19004,Salvon,Ahmed,RB,36,,,UFA,leg,OUT,2025-09-15T12:40:02.401Z
18675,Brandon,Aiyuk,WR,11,78,SF,ROSTER,knee,OUT,2025-09-15T12:40:02.401Z
134296,Erick,All Jr.,TE,83,,,UFA,knee,OUT,2025-09-15T12:40:02.401Z
133910,Kiran,Amegadjie,OT,72,60,CHI,ROSTER,leg,QUESTIONABLE,2025-09-15T12:40:02.401Z
39132,Troy,Andersen,LB,44,68,ATL,ROSTER,knee,OUT,2025-09-15T12:40:02.401Z
47864,Alec,Anderson,T,70,48,BUF,ROSTER,knee,QUESTIONABLE,2025-09-15T12:40:02.401Z
32082,Zayne,Anderson,FS,39,62,GB,ROSTER,knee,QUESTIONABLE,2025-09-15T12:40:02.401Z
16664,Calvin,Anderson,OT,67,59,PIT,ROSTER,undisclosed,QUESTIONABLE,2025-09-15T12:40:02.401Z
79845,Jake,Andrews,C,60,64,HOU,ROSTER,ankle,OUT,2025-09-15T12:40:02.401Z
134060,Daijahn,Anthony,LB,33,,,UFA,hamstring,OUT,2025-09-15T12:40:02.401Z
79769,Felix,Anudike-Uzomah,DE,91,,,UFA,hamstring,OUT,2025-09-15T12:40:02.401Z
133858,Terrion,Arnold,CB,6,61,DET,ROSTER,groin,QUESTIONABLE,2025-09-15T12:40:02.401Z
108885,Sala,Aumavae-Laulu,OT,71,,,UFA,achilles,OUT,2025-09-15T12:40:02.401Z
7962,Denico,Autry,DE,96,,,UFA,knee,QUESTIONABLE,2025-09-15T12:40:02.401Z
79774,Steve,Avila,G,73,77,LA,ROSTER,ankle,QUESTIONABLE,2025-09-15T12:40:02.401Z
30280,Kayode,Awosika,G,74,61,DET,ROSTER,shoulder,QUESTIONABLE,2025-09-15T12:40:02.401Z
30190,Aaron,Banks,G,65,62,GB,ROSTER,back,QUESTIONABLE,2025-09-15T12:40:02.401Z
18832,Ben,Bartch,G,78,78,SF,ROSTER,undisclosed,QUESTIONABLE,2025-09-15T12:40:02.401Z
166911,Gavin,Bartholomew,TE,86,,,ROSTER,back,OUT,2025-09-15T12:40:02.401Z
18732,Tyler,Bass,K,2,48,BUF,ROSTER,hip,OUT,2025-09-15T12:40:02.401Z
167963,Tyler,Batty,LB,96,,,UFA,knee,OUT,2025-09-15T12:40:02.401Z
108859,Robert,Beal Jr.,DE,51,78,SF,UNDRAFTED,ankle,QUESTIONABLE,2025-09-15T12:40:02.401Z
18664,Mekhi,Becton,G,73,75,LAC,ROSTER,illness,QUESTIONABLE,2025-09-15T12:40:02.401Z
43339,David,Bell,WR,18,,,UFA,hip,QUESTIONABLE,2025-09-15T12:40:02.401Z
14713,Braxton,Berrios,WR,17,64,HOU,ROSTER,hamstring,QUESTIONABLE,2025-09-15T12:40:02.401Z
9676,Andrew,Billings,DT,97,60,CHI,ROSTER,pectoral,QUESTIONABLE,2025-09-15T12:40:02.401Z
18610,Julian,Blackmon,FS,23,70,NO,INJURY_LIST,shoulder,QUESTIONABLE,2025-09-15T12:40:02.401Z
47385,Josh,Blackwell,CB,39,60,CHI,ROSTER,groin,QUESTIONABLE,2025-09-15T12:40:02.401Z
47924,Daron,Bland,CB,26,52,DAL,ROSTER,foot,QUESTIONABLE,2025-09-15T12:40:02.401Z
47868,Joey,Blount,FS,32,76,ARI,ROSTER,neck,OUT,2025-09-15T12:40:02.401Z
166813,Jaydon,Blue,RB,23,52,DAL,ROSTER,back,QUESTIONABLE,2025-09-15T12:40:02.401Z
112356,Jake,Bobo,WR,19,79,SEA,ROSTER,concussion,QUESTIONABLE,2025-09-15T12:40:02.401Z
111939,Ethan,Bonner,CB,27,49,MIA,ROSTER,hamstring,QUESTIONABLE,2025-09-15T12:40:02.401Z
133980,Austin,Booker,DE,94,,,UFA,knee,OUT,2025-09-15T12:40:02.401Z
108873,Kayshon,Boutte,WR,9,50,NE,ROSTER,shoulder,QUESTIONABLE,2025-09-15T12:40:02.401Z
133847,Brock,Bowers,TE,89,74,LV,ROSTER,knee,QUESTIONABLE,2025-09-15T12:40:02.401Z
166782,Billy,Bowman Jr.,FS,33,68,ATL,ROSTER,shoulder,QUESTIONABLE,2025-09-15T12:40:02.401Z
134035,Khristian,Boyd,DT,97,70,NO,ROSTER,hand,QUESTIONABLE,2025-09-15T12:40:02.401Z
16345,Kris,Boyd,DB,17,,,UFA,shoulder,OUT,2025-09-15T12:40:02.401Z
79846,Anthony,Bradford,G,75,79,SEA,ROSTER,back,QUESTIONABLE,2025-09-15T12:40:02.401Z
26758,Aaron,Brewer,C,55,49,MIA,ROSTER,leg,QUESTIONABLE,2025-09-15T12:40:02.401Z
7457,Teddy,Bridgewater,QB,16,71,TB,ROSTER,illness,QUESTIONABLE,2025-09-15T12:40:02.401Z
167835,Jake,Briningstool,TE,88,,,UFA,hamstring,OUT,2025-09-15T12:40:02.401Z
133880,Jonathon,Brooks,RB,24,,,UFA,ankle,OUT,2025-09-15T12:40:02.401Z
134324,British,Brooks,FB,44,64,HOU,ROSTER,knee,QUESTIONABLE,2025-09-15T12:40:02.401Z
79825,Ji'Ayir,Brown,LB,27,78,SF,ROSTER,ankle,QUESTIONABLE,2025-09-15T12:40:02.401Z
47292,Montaric,Brown,CB,30,66,JAX,ROSTER,leg,QUESTIONABLE,2025-09-15T12:40:02.401Z
36396,Spencer,Brown,T,79,48,BUF,ROSTER,undisclosed,QUESTIONABLE,2025-09-15T12:40:02.401Z
12885,Noah,Brown,WR,85,55,WAS,ROSTER,knee,QUESTIONABLE,2025-09-15T12:40:02.401Z
30590,Bobby,Brown III,DT,97,69,CAR,ROSTER,knee,OUT,2025-09-15T12:40:02.401Z
39092,Treylon,Burks,WR,16,,,UFA,knee,QUESTIONABLE,2025-09-15T12:40:02.401Z
9991,Artie,Burns,CB,23,,,UFA,knee,OUT,2025-09-15T12:40:02.401Z
6832,Michael,Burton,FB,20,,,UFA,hamstring,OUT,2025-09-15T12:40:02.401Z
133915,Jermaine,Burton,WR,81,57,CIN,ROSTER,undisclosed,QUESTIONABLE,2025-09-15T12:40:02.401Z
9785,Deon,Bush,FS,26,,,UFA,hamstring,OUT,2025-09-15T12:40:02.401Z
112138,Josh,Butler,CB,31,,,UFA,knee,OUT,2025-09-15T12:40:02.401Z
16170,Yodny,Cajuste,OT,70,,,UFA,undisclosed,OUT,2025-09-15T12:40:02.401Z
29658,Elijah,Campbell,DB,22,49,MIA,ROSTER,knee,QUESTIONABLE,2025-09-15T12:40:02.401Z
79756,Jack,Campbell,LB,46,61,DET,ROSTER,ankle,QUESTIONABLE,2025-09-15T12:40:02.401Z
16273,Alex,Cappa,G,65,74,LV,ROSTER,ribs,QUESTIONABLE,2025-09-15T12:40:02.401Z
133987,Jaylon,Carlies,MLB,57,65,IND,ROSTER,ankle,OUT,2025-09-15T12:40:02.401Z
134010,Caelen,Carson,CB,21,52,DAL,ROSTER,knee,OUT,2025-09-15T12:40:02.401Z
133930,DeWayne,Carter,DT,90,48,BUF,INJURY_LIST,achilles,OUT,2025-09-15T12:40:02.401Z
16656,Blake,Cashman,LB,51,63,MIN,INJURY_LIST,hamstring,QUESTIONABLE,2025-09-15T12:40:02.401Z
134340,Joshua,Cephus,LB,80,,,UFA,undisclosed,OUT,2025-09-15T12:40:02.401Z
167961,Chaz,Chambliss,LB,57,63,MIN,ROSTER,foot,OUT,2025-09-15T12:40:02.401Z
43345,Ty,Chandler,RB,32,63,MIN,INJURY_LIST,knee,QUESTIONABLE,2025-09-15T12:40:02.401Z
47400,Irvin,Charles,WR,19,51,NYJ,ROSTER,knee,OUT,2025-09-15T12:40:02.401Z
111960,Claudin,Cherelus,LB,53,69,CAR,ROSTER,toe,QUESTIONABLE,2025-09-15T12:40:02.401Z
167668,Efton,Chism III,WR,86,50,NE,ROSTER,undisclosed,QUESTIONABLE,2025-09-15T12:40:02.401Z
16303,Will,Clapp,C,77,,,UFA,foot,OUT,2025-09-15T12:40:02.401Z
134524,Jalen,Coker,WR,18,69,CAR,INJURY_LIST,illness,OUT,2025-09-15T12:40:02.401Z
133902,Brandon,Coleman,T,74,55,WAS,ROSTER,lower body,QUESTIONABLE,2025-09-15T12:40:02.401Z
30444,Zaven,Collins,LB,25,76,ARI,ROSTER,hand,QUESTIONABLE,2025-09-15T12:40:02.401Z
133904,Junior,Colson,LB,25,,,UFA,shoulder,OUT,2025-09-15T12:40:02.401Z
10041,Jack,Conklin,T,78,58,CLE,ROSTER,eye,QUESTIONABLE,2025-09-15T12:40:02.401Z
166918,Hayden,Conner,G,58,,,UFA,knee,OUT,2025-09-15T12:40:02.401Z
167658,Jalin,Conyers,TE,47,,,UFA,leg,OUT,2025-09-15T12:40:02.401Z
39137,James,Cook,RB,4,48,BUF,ROSTER,hamstring,QUESTIONABLE,2025-09-15T12:40:02.401Z
30308,Samuel,Cosmi,G,76,,,UFA,knee,OUT,2025-09-15T12:40:02.401Z
16174,Byron,Cowart,DT,93,51,NYJ,ROSTER,ankle,OUT,2025-09-15T12:40:02.401Z
134581,Jacob,Cowing,WR,19,,,UFA,leg,OUT,2025-09-15T12:40:02.401Z
112209,Brenton,Cox Jr.,DE,57,62,GB,INJURY_LIST,groin,QUESTIONABLE,2025-09-15T12:40:02.401Z
39083,Charles,Cross,T,67,79,SEA,ROSTER,finger,QUESTIONABLE,2025-09-15T12:40:02.401Z
134361,Frank,Crum,OT,73,72,DEN,ROSTER,illness,QUESTIONABLE,2025-09-15T12:40:02.401Z
18591,Lloyd,Cushenberry,C,79,67,TEN,ROSTER,achilles,QUESTIONABLE,2025-09-15T12:40:02.401Z
6464,Andy,Dalton,QB,14,69,CAR,ROSTER,elbow,QUESTIONABLE,2025-09-15T12:40:02.401Z
15270,James,Daniels,G,78,49,MIA,ROSTER,pectoral,OUT,2025-09-15T12:40:02.401Z
30408,Christian,Darrisaw,OT,71,63,MIN,ROSTER,knee,QUESTIONABLE,2025-09-15T12:40:02.401Z
45695,D.J.,Davidson,DT,98,53,NYG,ROSTER,seizure,QUESTIONABLE,2025-09-15T12:40:02.401Z
18665,Ashtyn,Davis,FS,21,49,MIA,ROSTER,knee,QUESTIONABLE,2025-09-15T12:40:02.401Z
47380,Nakobe,Dean,LB,17,54,PHI,ROSTER,knee,OUT,2025-09-15T12:40:02.401Z
9860,Taylor,Decker,T,68,61,DET,ROSTER,undisclosed,QUESTIONABLE,2025-09-15T12:40:02.401Z
79807,Nathaniel,Dell,WR,,,,UFA,knee,OUT,2025-09-15T12:40:02.401Z
134016,Marcellas,Dial,CB,27,,,UFA,knee,OUT,2025-09-15T12:40:02.401Z
30979,Landon,Dickerson,G,69,54,PHI,ROSTER,back,QUESTIONABLE,2025-09-15T12:40:02.401Z
30691,Victor,Dimukeje,LB,52,,,UFA,pectoral,OUT,2025-09-15T12:40:02.401Z
18995,Kevin,Dotson,G,69,77,LA,ROSTER,ankle,QUESTIONABLE,2025-09-15T12:40:02.401Z
134381,Ethan,Driskell,T,75,,,UFA,appendix,OUT,2025-09-15T12:40:02.401Z
134239,Storm,Duck,CB,36,49,MIA,ROSTER,ankle,OUT,2025-09-15T12:40:02.401Z
18858,Yasir,Durant,OT,65,,,UFA,undisclosed,OUT,2025-09-15T12:40:02.401Z
167773,Johnathan,Edwards,CB,35,65,IND,ROSTER,achilles,QUESTIONABLE,2025-09-15T12:40:02.401Z
16496,T.J.,Edwards,LB,53,60,CHI,ROSTER,hamstring,QUESTIONABLE,2025-09-15T12:40:02.401Z
30972,Liam,Eichenberg,OT,74,,,UFA,undisclosed,QUESTIONABLE,2025-09-15T12:40:02.401Z
13378,Austin,Ekeler,RB,30,55,WAS,ROSTER,shoulder,DOUBTFUL,2025-09-15T12:40:02.401Z
39080,Ikem,Ekwonu,OT,79,69,CAR,ROSTER,appendix,QUESTIONABLE,2025-09-15T12:40:02.401Z
16893,DeShon,Elliott,FS,25,59,PIT,ROSTER,knee,OUT,2025-09-15T12:40:02.401Z
47266,Martin,Emerson Jr.,CB,23,,,UFA,achilles,OUT,2025-09-15T12:40:02.401Z
166645,Nick,Emmanwori,FS,3,79,SEA,ROSTER,ankle,OUT,2025-09-15T12:40:02.401Z
13094,Evan,Engram,TE,1,72,DEN,ROSTER,calf,QUESTIONABLE,2025-09-15T12:40:02.401Z
30337,D'Wayne,Eskridge,WR,82,49,MIA,ROSTER,concussion,QUESTIONABLE,2025-09-15T12:40:02.401Z
56780,Obinna,Eze,OT,68,,,UFA,undisclosed,OUT,2025-09-15T12:40:02.401Z
39285,Joshua,Ezeudu,OT,75,,,UFA,undisclosed,OUT,2025-09-15T12:40:02.401Z
43381,Daniel,Faalele,G,77,56,BAL,ROSTER,illness,QUESTIONABLE,2025-09-15T12:40:02.401Z
166769,Tai,Felton,WR,13,63,MIN,ROSTER,arm,QUESTIONABLE,2025-09-15T12:40:02.401Z
166715,Terrance,Ferguson,TE,18,77,LA,ROSTER,groin,QUESTIONABLE,2025-09-15T12:40:02.401Z
166927,Thomas,Fidone,TE,86,53,NYG,ROSTER,undisclosed,QUESTIONABLE,2025-09-15T12:40:02.401Z
112121,AJ,Finley,FS,24,,,UFA,knee,OUT,2025-09-15T12:40:02.401Z
133893,Blake,Fisher,T,57,64,HOU,ROSTER,ankle,QUESTIONABLE,2025-09-15T12:40:02.401Z
16131,Demetrius,Flannigan-Fowles,OLB,45,53,NYG,UFA,calf,OUT,2025-09-15T12:40:02.401Z
16159,Cody,Ford,T,61,57,CIN,ROSTER,undisclosed,QUESTIONABLE,2025-09-15T12:40:02.401Z
112154,Bryce,Ford-Wheaton,WR,88,,,ROSTER,achilles,QUESTIONABLE,2025-09-15T12:40:02.401Z
18696,Leki,Fotu,DT,95,74,LV,ROSTER,foot,QUESTIONABLE,2025-09-15T12:40:02.401Z
166658,Miles,Frazier,G,71,,,UFA,undisclosed,QUESTIONABLE,2025-09-15T12:40:02.401Z
166830,Zah,Frazier,CB,,,,UFA,personal,OUT,2025-09-15T12:40:02.401Z
79844,Blake,Freeland,T,73,,,UFA,leg,OUT,2025-09-15T12:40:02.401Z
133848,Taliese,Fuaga,T,75,70,NO,ROSTER,knee,QUESTIONABLE,2025-09-15T12:40:02.401Z
167873,Josh,Fuga,DT,69,,,UFA,undisclosed,OUT,2025-09-15T12:40:02.401Z
18895,Jordan,Fuller,FS,29,68,ATL,INJURY_LIST,knee,OUT,2025-09-15T12:40:02.401Z
166762,Dillon,Gabriel,QB,8,58,CLE,ROSTER,hamstring,QUESTIONABLE,2025-09-15T12:40:02.401Z
17182,Greg,Gaines,DT,96,71,TB,ROSTER,ankle,QUESTIONABLE,2025-09-15T12:40:02.401Z
39231,Sauce,Gardner,CB,1,51,NYJ,ROSTER,groin,QUESTIONABLE,2025-09-15T12:40:02.401Z
134092,Nick,Gargiulo,C,66,,,UFA,knee,QUESTIONABLE,2025-09-15T12:40:02.401Z
167841,Brandon,George,LB,50,,,UFA,undisclosed,OUT,2025-09-15T12:40:02.401Z
20470,Reggie,Gilliam,FB,41,48,BUF,ROSTER,groin,QUESTIONABLE,2025-09-15T12:40:02.401Z
16167,Andrew Van,Ginkel,LB,43,63,MIN,ROSTER,concussion,QUESTIONABLE,2025-09-15T12:40:02.401Z
16139,Kevin,Givens,DT,90,78,SF,ROSTER,pectoral,OUT,2025-09-15T12:40:02.401Z
9861,Graham,Glasgow,G,60,61,DET,ROSTER,leg,QUESTIONABLE,2025-09-15T12:40:02.401Z
134038,Travis,Glover,T,79,,,UFA,shoulder,OUT,2025-09-15T12:40:02.401Z
13493,Chris,Godwin,WR,14,71,TB,ROSTER,knee,OUT,2025-09-15T12:40:02.401Z
39131,Luke,Goedeke,T,67,71,TB,ROSTER,foot,QUESTIONABLE,2025-09-15T12:40:02.401Z
14725,Dallas,Goedert,TE,88,54,PHI,ROSTER,knee,QUESTIONABLE,2025-09-15T12:40:02.401Z
79755,Christian,Gonzalez,CB,0,50,NE,ROSTER,hamstring,OUT,2025-09-15T12:40:02.401Z
44965,Tyler,Goodson,RB,31,65,IND,ROSTER,elbow,QUESTIONABLE,2025-09-15T12:40:02.401Z
39113,Kyler,Gordon,CB,6,60,CHI,ROSTER,hamstring,QUESTIONABLE,2025-09-15T12:40:02.401Z
134040,Tylan,Grable,T,68,,,UFA,concussion,OUT,2025-09-15T12:40:02.401Z
30618,Ta'Quon,Graham,DT,95,,,UFA,undisclosed,OUT,2025-09-15T12:40:02.401Z
108858,Eric,Gray,RB,20,,,UFA,undisclosed,OUT,2025-09-15T12:40:02.401Z
16134,Dre,Greenlaw,ILB,57,72,DEN,ROSTER,quadricep,QUESTIONABLE,2025-09-15T12:40:02.401Z
134047,Kamal,Hadden,CB,36,62,GB,ROSTER,hip,QUESTIONABLE,2025-09-15T12:40:02.401Z
166703,Maxwell,Hairston,CB,31,48,BUF,ROSTER,knee,OUT,2025-09-15T12:40:02.401Z
133888,Michael,Hall Jr.,DT,51,58,CLE,ROSTER,knee,QUESTIONABLE,2025-09-15T12:40:02.401Z
13136,C.J.,Ham,FB,30,63,MIN,ROSTER,ankle,OUT,2025-09-15T12:40:02.401Z
166932,Kyonte,Hamilton,DT,,,,UFA,undisclosed,OUT,2025-09-15T12:40:02.401Z
17037,Blake,Hance,G,73,67,TEN,ROSTER,calf,QUESTIONABLE,2025-09-15T12:40:02.401Z
166831,Jordan,Hancock,FS,37,48,BUF,ROSTER,shoulder,QUESTIONABLE,2025-09-15T12:40:02.401Z
7791,Johnathan,Hankins,DT,97,79,SEA,ROSTER,back,OUT,2025-09-15T12:40:02.401Z
167925,Deion,Hankins,LB,35,,,UFA,quadricep,OUT,2025-09-15T12:40:02.401Z
166695,Derrick,Harmon,DE,99,59,PIT,ROSTER,knee,OUT,2025-09-15T12:40:02.401Z
6113,Josh,Harris,LB,47,,,UFA,undisclosed,OUT,2025-09-15T12:40:02.401Z
79765,Anton,Harrison,OT,77,66,JAX,ROSTER,back,QUESTIONABLE,2025-09-15T12:40:02.401Z
18563,Malik,Harrison,LB,50,59,PIT,ROSTER,knee,OUT,2025-09-15T12:40:02.401Z
133916,Christian,Haynes,G,64,,,UFA,pectoral,OUT,2025-09-15T12:40:02.401Z
112242,DeMarcco,Hellams,FS,23,68,ATL,ROSTER,hamstring,QUESTIONABLE,2025-09-15T12:40:02.401Z
47941,Matt,Henningsen,DE,91,,,UFA,achilles,OUT,2025-09-15T12:40:02.401Z
79870,Nick,Herbig,OLB,51,59,PIT,ROSTER,hamstring,QUESTIONABLE,2025-09-15T12:40:02.401Z
15393,Will,Hernandez,G,76,76,ARI,ROSTER,knee,OUT,2025-09-15T12:40:02.401Z
18941,Justin,Herron,G,76,,,UFA,undisclosed,OUT,2025-09-15T12:40:02.401Z
39217,Elijah,Hicks,FS,22,60,CHI,ROSTER,ankle,QUESTIONABLE,2025-09-15T12:40:02.401Z
12975,Taysom,Hill,TE,7,70,NO,ROSTER,knee,OUT,2025-09-15T12:40:02.401Z
47911,Kurt,Hinish,DT,93,,,UFA,undisclosed,QUESTIONABLE,2025-09-15T12:40:02.401Z
166886,Myles,Hinton,OT,78,,,UFA,undisclosed,OUT,2025-09-15T12:40:02.401Z
112044,Cooper,Hodges,OT,75,,,UFA,knee,OUT,2025-09-15T12:40:02.401Z
18897,Mike,Hoecht,LB,55,,,UFA,suspension,OUT,2025-09-15T12:40:02.401Z
16128,Travis,Homer,RB,21,,,UFA,calf,OUT,2025-09-15T12:40:02.401Z
13038,Malik,Hooker,FS,28,52,DAL,ROSTER,foot,QUESTIONABLE,2025-09-15T12:40:02.401Z
166897,Will,Howard,QB,18,59,PIT,ROSTER,hand,OUT,2025-09-15T12:40:02.401Z
108832,Jordan,Howden,FS,31,70,NO,ROSTER,oblique,QUESTIONABLE,2025-09-15T12:40:02.401Z
18646,Robert,Hunt,G,50,69,CAR,ROSTER,foot,QUESTIONABLE,2025-09-15T12:40:02.401Z
167759,Alijah,Huzzie,CB,36,,,UFA,undisclosed,OUT,2025-09-15T12:40:02.401Z
79811,Jalin,Hyatt,WR,13,53,NYG,ROSTER,leg,QUESTIONABLE,2025-09-15T12:40:02.401Z
10019,Germain,Ifedi,G,62,,,UFA,undisclosed,OUT,2025-09-15T12:40:02.401Z
39133,Ed,Ingram,G,69,64,HOU,ROSTER,abdominal,QUESTIONABLE,2025-09-15T12:40:02.401Z
133928,Adisa,Isaac,LB,50,,,UFA,elbow,OUT,2025-09-15T12:40:02.401Z
134932,Isaiah,Iton,DT,68,,,UFA,hip,OUT,2025-09-15T12:40:02.401Z
112283,Christian,Izien,FS,29,71,TB,ROSTER,oblique,QUESTIONABLE,2025-09-15T12:40:02.401Z
30199,Alaric,Jackson,OT,77,77,LA,ROSTER,tailbone,QUESTIONABLE,2025-09-15T12:40:02.401Z
18644,Austin,Jackson,OT,73,49,MIA,INJURY_LIST,lower body,OUT,2025-09-15T12:40:02.401Z
16050,Tyree,Jackson,TE,84,,,UFA,undisclosed,OUT,2025-09-15T12:40:02.401Z
18899,Trishton,Jackson,WR,86,,,UFA,thumb,OUT,2025-09-15T12:40:02.401Z
30598,Tarron,Jackson,DE,75,,,UFA,undisclosed,OUT,2025-09-15T12:40:02.401Z
18599,Jonah,Jackson,G,73,60,CHI,ROSTER,leg,QUESTIONABLE,2025-09-15T12:40:02.401Z
166937,Dan,Jackson,FS,,,,UFA,leg,OUT,2025-09-15T12:40:02.401Z
166812,Jordan,James,RB,29,78,SF,ROSTER,knee,QUESTIONABLE,2025-09-15T12:40:02.401Z
19011,Jauan,Jennings,WR,15,78,SF,ROSTER,shoulder,QUESTIONABLE,2025-09-15T12:40:02.401Z
79853,Roschon,Johnson,RB,23,60,CHI,ROSTER,foot,QUESTIONABLE,2025-09-15T12:40:02.401Z
79818,DJ,Johnson,LB,52,69,CAR,ROSTER,concussion,QUESTIONABLE,2025-09-15T12:40:02.401Z
112266,Anthony,Johnson,DB,23,,,UFA,undisclosed,OUT,2025-09-15T12:40:02.401Z
39239,Nazeeh,Johnson,CB,13,73,KC,ROSTER,shoulder,OUT,2025-09-15T12:40:02.401Z
16672,Lonnie,Johnson,CB,32,,,UFA,lower body,OUT,2025-09-15T12:40:02.401Z
134050,Cedric,Johnson,DE,52,,,UFA,calf,OUT,2025-09-15T12:40:02.401Z
16063,Darryl,Johnson,DE,40,,,UFA,quadricep,QUESTIONABLE,2025-09-15T12:40:02.401Z
18575,Jaylon,Johnson,CB,1,60,CHI,ROSTER,leg,QUESTIONABLE,2025-09-15T12:40:02.401Z
15460,Justin,Jones,DT,93,,,UFA,knee,OUT,2025-09-15T12:40:02.401Z
9940,Jonathan,Jones,CB,31,55,WAS,ROSTER,hamstring,QUESTIONABLE,2025-09-15T12:40:02.401Z
133998,Christian,Jones,OT,75,,,UFA,knee,OUT,2025-09-15T12:40:02.401Z
16193,Jamarco,Jones,OT,72,61,DET,ROSTER,ankle,OUT,2025-09-15T12:40:02.401Z
30238,Robert,Jones,G,65,,,UFA,neck,OUT,2025-09-15T12:40:02.401Z
134292,Emory,Jones,QB,15,,,UFA,concussion,OUT,2025-09-15T12:40:02.401Z
39216,Braxton,Jones,OT,70,60,CHI,ROSTER,ankle,QUESTIONABLE,2025-09-15T12:40:02.401Z
133925,Elijah,Jones,CB,28,76,ARI,ROSTER,ankle,QUESTIONABLE,2025-09-15T12:40:02.401Z
18914,Benito,Jones,DT,95,49,MIA,ROSTER,oblique,OUT,2025-09-15T12:40:02.401Z
112472,Jaylon,Jones,CB,40,65,IND,ROSTER,hamstring,OUT,2025-09-15T12:40:02.401Z
30443,Mac,Jones,QB,10,78,SF,ROSTER,knee,QUESTIONABLE,2025-09-15T12:40:02.401Z
79752,Broderick,Jones,T,77,59,PIT,ROSTER,lower body,QUESTIONABLE,2025-09-15T12:40:02.401Z
30975,Patrick,Jones II,LB,91,69,CAR,ROSTER,ankle,QUESTIONABLE,2025-09-15T12:40:02.401Z
166759,Emery,Jones Jr.,OT,51,,,ROSTER,shoulder,OUT,2025-09-15T12:40:02.401Z
30243,Brevin,Jordan,TE,9,,,UFA,leg,OUT,2025-09-15T12:40:02.401Z
166707,Quinshon,Judkins,RB,10,58,CLE,ROSTER,undisclosed,QUESTIONABLE,2025-09-15T12:40:02.401Z
167922,Ale,Kaho,LB,51,55,WAS,ROSTER,undisclosed,QUESTIONABLE,2025-09-15T12:40:02.401Z
8464,Case,Keenum,QB,11,60,CHI,ROSTER,leg,QUESTIONABLE,2025-09-15T12:40:02.401Z
166936,Donte,Kent,LB,,,,ROSTER,foot,OUT,2025-09-15T12:40:02.401Z
44951,Ko,Kieft,TE,41,71,TB,ROSTER,head,QUESTIONABLE,2025-09-15T12:40:02.401Z
14654,Christian,Kirk,WR,13,64,HOU,ROSTER,hamstring,QUESTIONABLE,2025-09-15T12:40:02.401Z
13457,George,Kittle,TE,85,78,SF,INJURY_LIST,hamstring,OUT,2025-09-15T12:40:02.401Z
16054,Dawson,Knox,TE,88,48,BUF,ROSTER,hip,QUESTIONABLE,2025-09-15T12:40:02.401Z
48434,Kader,Kohou,CB,4,49,MIA,INJURY_LIST,leg,OUT,2025-09-15T12:40:02.401Z
166891,Bilhal,Kone,CB,31,,,UFA,knee,OUT,2025-09-15T12:40:02.401Z
16744,Christian,Kuntz,LS,46,59,PIT,ROSTER,chest,QUESTIONABLE,2025-09-15T12:40:02.401Z
168249,Brock,Lampe,FB,46,,,UFA,undisclosed,QUESTIONABLE,2025-09-15T12:40:02.401Z
168052,Willie,Lampkin IV,G,62,,,UFA,leg,OUT,2025-09-15T12:40:02.401Z
30431,Trey,Lance,QB,5,75,LAC,ROSTER,hand,QUESTIONABLE,2025-09-15T12:40:02.401Z
15069,Harold,Landry III,LB,2,50,NE,ROSTER,foot,QUESTIONABLE,2025-09-15T12:40:02.401Z
167667,Lan,Larison,RB,34,,,UFA,leg,QUESTIONABLE,2025-09-15T12:40:02.401Z
167734,Gage,Larvadain,WR,84,58,CLE,UNDRAFTED,back,QUESTIONABLE,2025-09-15T12:40:02.401Z
133841,JC,Latham,T,55,67,TEN,ROSTER,hip,OUT,2025-09-15T12:40:02.401Z
14826,Allen,Lazard,WR,10,51,NYJ,ROSTER,shoulder,QUESTIONABLE,2025-09-15T12:40:02.401Z
48021,Deane,Leonard,CB,33,,,UFA,leg,OUT,2025-09-15T12:40:02.401Z
79771,Will,Levis,QB,8,,,UFA,shoulder,OUT,2025-09-15T12:40:02.401Z
18680,Damien,Lewis,G,68,69,CAR,ROSTER,shoulder,QUESTIONABLE,2025-09-15T12:40:02.401Z
39757,Isaiah,Likely,TE,80,56,BAL,ROSTER,foot,QUESTIONABLE,2025-09-15T12:40:02.401Z
133923,MarShawn,Lloyd,RB,32,62,GB,ROSTER,hamstring,OUT,2025-09-15T12:40:02.401Z
39082,Drake,London,WR,5,68,ATL,ROSTER,shoulder,QUESTIONABLE,2025-09-15T12:40:02.401Z
29637,LaCale,London,DT,94,68,ATL,ROSTER,undisclosed,OUT,2025-09-15T12:40:02.401Z
166919,Robert,Longerbeam,CB,37,,,UFA,undisclosed,OUT,2025-09-15T12:40:02.401Z
166950,Dominic,Lovett,WR,19,61,DET,ROSTER,abdominal,QUESTIONABLE,2025-09-15T12:40:02.401Z
56782,Vederian,Lowe,T,59,50,NE,ROSTER,undisclosed,QUESTIONABLE,2025-09-15T12:40:02.401Z
9877,Dean,Lowry,DE,94,,,UFA,knee,OUT,2025-09-15T12:40:02.401Z
6859,Cornelius,Lucas,T,71,58,CLE,ROSTER,ankle,QUESTIONABLE,2025-09-15T12:40:02.401Z
108841,Darrell,Luter Jr.,CB,28,78,SF,ROSTER,pelvis,QUESTIONABLE,2025-09-15T12:40:02.401Z
18564,Nnamdi,Madubuike,DE,92,56,BAL,ROSTER,ankle,QUESTIONABLE,2025-09-15T12:40:02.401Z
166875,Phil,Mafah,LB,37,,,UFA,shoulder,OUT,2025-09-15T12:40:02.401Z
133975,Jordan,Magee,LB,58,55,WAS,ROSTER,hamstring,QUESTIONABLE,2025-09-15T12:40:02.401Z
134245,Jason,Maitre,CB,43,,,UFA,undisclosed,OUT,2025-09-15T12:40:02.401Z
6231,Chris,Manhertz,TE,85,53,NYG,ROSTER,undisclosed,QUESTIONABLE,2025-09-15T12:40:02.401Z
8640,Marcus,Mariota,QB,8,55,WAS,ROSTER,leg,QUESTIONABLE,2025-09-15T12:40:02.401Z
166745,Nick,Martin,LB,45,78,SF,ROSTER,lower body,QUESTIONABLE,2025-09-15T12:40:02.401Z
6909,Sam,Martin,P,6,69,CAR,ROSTER,undisclosed,OUT,2025-09-15T12:40:02.401Z
167742,Easton,Mascarenas-Arnold,LB,42,58,CLE,ROSTER,achilles,QUESTIONABLE,2025-09-15T12:40:02.401Z
39807,Damarri,Mathis,CB,28,69,CAR,INJURY_LIST,knee,OUT,2025-09-15T12:40:02.401Z
16042,Alexander,Mattison,RB,8,,,UFA,neck,OUT,2025-09-15T12:40:02.401Z
47895,Zyon,McCollum,CB,27,71,TB,ROSTER,neck,QUESTIONABLE,2025-09-15T12:40:02.401Z
45694,Micah,McFadden,LB,41,53,NYG,INJURY_LIST,leg,OUT,2025-09-15T12:40:02.401Z
16326,Kaleb,McGary,T,76,,,UFA,leg,OUT,2025-09-15T12:40:02.401Z
24436,Connor,McGovern,G,66,48,BUF,ROSTER,hamstring,QUESTIONABLE,2025-09-15T12:40:02.401Z
111632,Kenny,McIntosh,RB,25,,,UFA,leg,QUESTIONABLE,2025-09-15T12:40:02.401Z
108874,Tanner,McKee,QB,16,54,PHI,ROSTER,finger,QUESTIONABLE,2025-09-15T12:40:02.401Z
166905,Jalen,McLeod,LB,,,,UFA,lower body,OUT,2025-09-15T12:40:02.401Z
133927,Jalen,McMillan,WR,15,71,TB,ROSTER,back,OUT,2025-09-15T12:40:02.401Z
30382,Alim,McNeill,NT,54,61,DET,ROSTER,knee,OUT,2025-09-15T12:40:02.401Z
134006,Bub,Means,WR,16,,,UFA,leg,OUT,2025-09-15T12:40:02.401Z
16906,Patrick,Mekari,G,65,66,JAX,ROSTER,back,QUESTIONABLE,2025-09-15T12:40:02.401Z
39203,Bo,Melton,CB,16,62,GB,ROSTER,shoulder,QUESTIONABLE,2025-09-15T12:40:02.401Z
134236,Andrew,Meyer,C,60,,,UFA,undisclosed,OUT,2025-09-15T12:40:02.401Z
166661,Rylie,Mills,DT,,,,UFA,knee,OUT,2025-09-15T12:40:02.401Z
134029,Joe,Milton,QB,10,52,DAL,ROSTER,thumb,QUESTIONABLE,2025-09-15T12:40:02.401Z
166650,Wyatt,Milum,G,64,66,JAX,ROSTER,knee,OUT,2025-09-15T12:40:02.401Z
79777,Jonathan,Mingo,WR,81,,,UFA,knee,OUT,2025-09-15T12:40:02.401Z
111631,Keaton,Mitchell,RB,34,56,BAL,ROSTER,hamstring,QUESTIONABLE,2025-09-15T12:40:02.401Z
12843,Joe,Mixon,RB,28,64,HOU,ROSTER,foot,OUT,2025-09-15T12:40:02.401Z
30937,Elijah,Molden,CB,2,75,LAC,ROSTER,hamstring,QUESTIONABLE,2025-09-15T12:40:02.401Z
133999,Jacob,Monk,C,62,,,UFA,hamstring,OUT,2025-09-15T12:40:02.401Z
16854,D.J.,Montgomery,WR,2,,,UFA,undisclosed,QUESTIONABLE,2025-09-15T12:40:02.401Z
18757,Darnell,Mooney,WR,1,68,ATL,ROSTER,shoulder,QUESTIONABLE,2025-09-15T12:40:02.401Z
33175,Dan,Moore,T,75,67,TEN,ROSTER,ankle,QUESTIONABLE,2025-09-15T12:40:02.401Z
167902,TJ,Moore,LB,30,,,UFA,leg,QUESTIONABLE,2025-09-15T12:40:02.401Z
30931,Rondale,Moore,WR,4,,,UFA,knee,OUT,2025-09-15T12:40:02.401Z
16624,Foster,Moreau,TE,87,70,NO,ROSTER,knee,OUT,2025-09-15T12:40:02.401Z
108837,Mike,Morris,DE,94,79,SEA,ROSTER,leg,QUESTIONABLE,2025-09-15T12:40:02.401Z
166722,Benjamin,Morrison,CB,21,71,TB,ROSTER,quadricep,QUESTIONABLE,2025-09-15T12:40:02.401Z
166900,Kalel,Mullings,RB,28,67,TEN,ROSTER,undisclosed,QUESTIONABLE,2025-09-15T12:40:02.401Z
166948,Konata,Mumpfield,WR,15,77,LA,ROSTER,ankle,QUESTIONABLE,2025-09-15T12:40:02.401Z
17009,Sean,Murphy-Bunting,CB,23,76,ARI,ROSTER,knee,QUESTIONABLE,2025-09-15T12:40:02.401Z
133959,Malik,Mustapha,FS,6,78,SF,ROSTER,knee,OUT,2025-09-15T12:40:02.401Z
133840,Malik,Nabers,WR,1,53,NYG,ROSTER,back,QUESTIONABLE,2025-09-15T12:40:02.401Z
108863,Puka,Nacua,WR,12,77,LA,ROSTER,concussion,QUESTIONABLE,2025-09-15T12:40:02.401Z
166926,Jack,Nelson,OT,69,68,ATL,ROSTER,calf,QUESTIONABLE,2025-09-15T12:40:02.401Z
16414,Matt,Nelson,OT,68,,,UFA,undisclosed,OUT,2025-09-15T12:40:02.401Z
18620,Lucas,Niang,OT,53,,,UFA,knee,OUT,2025-09-15T12:40:02.401Z
15051,Bilal,Nichols,DE,92,,,UFA,neck,OUT,2025-09-15T12:40:02.401Z
166690,Walter,Nolan,DE,,76,ARI,ROSTER,calf,OUT,2025-09-15T12:40:02.401Z
166732,Omarr,Norman-Lott,DT,55,73,KC,ROSTER,ankle,QUESTIONABLE,2025-09-15T12:40:02.401Z
12952,Storm,Norton,OT,77,,,UFA,ankle,OUT,2025-09-15T12:40:02.401Z
112199,Trevor,Nowaske,LB,53,61,DET,ROSTER,elbow,QUESTIONABLE,2025-09-15T12:40:02.401Z
7326,Rakeem,Nunez-Roches,DT,93,53,NYG,ROSTER,foot,QUESTIONABLE,2025-09-15T12:40:02.401Z
30927,Kene,Nwangwu,RB,34,51,NYJ,ROSTER,ankle,QUESTIONABLE,2025-09-15T12:40:02.401Z
15031,Uchenna,Nwosu,OLB,7,79,SEA,ROSTER,knee,QUESTIONABLE,2025-09-15T12:40:02.401Z
79873,Aidan,O'Connell,LB,12,,,UFA,wrist,OUT,2025-09-15T12:40:02.401Z
16246,Pat,O'Connor,DT,95,61,DET,ROSTER,leg,QUESTIONABLE,2025-09-15T12:40:02.401Z
32139,Amen,Ogbongbemiga,LB,45,,,UFA,shoulder,OUT,2025-09-15T12:40:02.401Z
48023,Otito,Ogbonnia,DT,93,75,LAC,ROSTER,undisclosed,QUESTIONABLE,2025-09-15T12:40:02.401Z
12876,Larry,Ogunjobi,DT,99,,,UFA,suspension,OUT,2025-09-15T12:40:02.401Z
79779,BJ,Ojulari,OLB,9,,,UFA,knee,OUT,2025-09-15T12:40:02.401Z
15399,Chukwuma,Okorafor,OT,79,51,NYJ,ROSTER,hand,QUESTIONABLE,2025-09-15T12:40:02.401Z
18601,Jeff,Okudah,CB,8,63,MIN,ROSTER,head,QUESTIONABLE,2025-09-15T12:40:02.401Z
167880,Jordan,Oladokun,CB,37,,,UFA,undisclosed,OUT,2025-09-15T12:40:02.401Z
16727,Josh,Oliver,TE,84,63,MIN,ROSTER,ankle,QUESTIONABLE,2025-09-15T12:40:02.401Z
16051,Ed,Oliver,DT,91,48,BUF,ROSTER,ankle,QUESTIONABLE,2025-09-15T12:40:02.401Z
166821,Collin,Oliver,DE,45,,,UFA,undisclosed,OUT,2025-09-15T12:40:02.401Z
14975,Foye,Oluokun,LB,23,66,JAX,ROSTER,illness,QUESTIONABLE,2025-09-15T12:40:02.401Z
108840,Olusegun,Oluwatimi,C,55,79,SEA,ROSTER,back,QUESTIONABLE,2025-09-15T12:40:02.401Z
18943,Mike,Onwenu,G,71,50,NE,ROSTER,hand,QUESTIONABLE,2025-09-15T12:40:02.401Z
32640,Levi,Onwuzurike,DT,91,,,UFA,knee,OUT,2025-09-15T12:40:02.401Z
79828,DeMarvion,Overshown,LB,0,52,DAL,ROSTER,knee,OUT,2025-09-15T12:40:02.401Z
134451,Tyler,Owens,FS,18,55,WAS,ROSTER,ankle,QUESTIONABLE,2025-09-15T12:40:02.401Z
30603,Jeremiah,Owusu-Koramoah,OLB,6,,,UFA,neck,OUT,2025-09-15T12:40:02.401Z
16996,Donald,Parham Jr.,TE,89,,,UFA,achilles,OUT,2025-09-15T12:40:02.401Z
19020,Colby,Parkinson,TE,84,77,LA,ROSTER,shoulder,QUESTIONABLE,2025-09-15T12:40:02.401Z
39120,Josh,Paschal,DE,93,,,UFA,undisclosed,OUT,2025-09-15T12:40:02.401Z
12988,Lucas,Patrick,G,62,57,CIN,ROSTER,calf,OUT,2025-09-15T12:40:02.401Z
134533,Rico,Payton,CB,36,53,NYG,INJURY_LIST,undisclosed,OUT,2025-09-15T12:40:02.401Z
166699,James,Pearce Jr.,DE,27,68,ATL,ROSTER,groin,QUESTIONABLE,2025-09-15T12:40:02.401Z
133865,Ricky,Pearsall,WR,1,78,SF,ROSTER,hamstring,QUESTIONABLE,2025-09-15T12:40:02.401Z
39093,Trevor,Penning,OT,70,70,NO,ROSTER,toe,QUESTIONABLE,2025-09-15T12:40:02.401Z
8255,Denzel,Perryman,LB,6,75,LAC,ROSTER,ankle,QUESTIONABLE,2025-09-15T12:40:02.401Z
18584,Jacob,Phillips,LB,54,,,UFA,bicep,OUT,2025-09-15T12:40:02.401Z
79851,Clark,Phillips III,CB,22,68,ATL,ROSTER,ribs,QUESTIONABLE,2025-09-15T12:40:02.401Z
13218,Ethan,Pocic,C,55,58,CLE,ROSTER,knee,QUESTIONABLE,2025-09-15T12:40:02.401Z
133871,Ja'Lynn,Polk,LB,39,70,NO,ROSTER,shoulder,OUT,2025-09-15T12:40:02.401Z
30251,Elijah,Ponder,LB,91,50,NE,ROSTER,undisclosed,QUESTIONABLE,2025-09-15T12:40:02.401Z
79770,Joey,Porter Jr.,CB,24,59,PIT,ROSTER,hamstring,QUESTIONABLE,2025-09-15T12:40:02.401Z
133878,Jackson,Powers-Johnson,G,58,74,LV,ROSTER,ribs,QUESTIONABLE,2025-09-15T12:40:02.401Z
133921,Dominick,Puni,G,77,78,SF,ROSTER,knee,QUESTIONABLE,2025-09-15T12:40:02.401Z
39438,Brock,Purdy,QB,13,78,SF,ROSTER,toe,OUT,2025-09-15T12:40:02.401Z
39277,Bernhard,Raimann,T,79,65,IND,ROSTER,ankle,QUESTIONABLE,2025-09-15T12:40:02.401Z
133895,Ennis,Rakestraw Jr.,CB,15,,,ROSTER,shoulder,OUT,2025-09-15T12:40:02.401Z
166757,Caleb,Ransaw,CB,,66,JAX,ROSTER,lower body,OUT,2025-09-15T12:40:02.401Z
39226,LaBryan,Ray,DT,93,69,CAR,ROSTER,ankle,OUT,2025-09-15T12:40:02.401Z
12688,Haason,Reddick,OLB,5,71,TB,ROSTER,foot,QUESTIONABLE,2025-09-15T12:40:02.401Z
166899,Jaylen,Reed,FS,,64,HOU,ROSTER,ankle,OUT,2025-09-15T12:40:02.401Z
79788,Jayden,Reed,WR,11,62,GB,ROSTER,shoulder,OUT,2025-09-15T12:40:02.401Z
134320,Winston,Reid,LB,59,58,CLE,ROSTER,back,OUT,2025-09-15T12:40:02.401Z
133917,Tip,Reiman,TE,87,76,ARI,ROSTER,foot,QUESTIONABLE,2025-09-15T12:40:02.401Z
16623,Hunter,Renfrow,WR,13,69,CAR,ROSTER,toe,QUESTIONABLE,2025-09-15T12:40:02.401Z
13573,Josh,Reynolds,WR,83,51,NYJ,ROSTER,hamstring,QUESTIONABLE,2025-09-15T12:40:02.401Z
12758,Patrick,Ricard,FB,42,56,BAL,ROSTER,calf,QUESTIONABLE,2025-09-15T12:40:02.401Z
79793,Rashee,Rice,WR,4,73,KC,ROSTER,suspension,OUT,2025-09-15T12:40:02.401Z
79742,Anthony,Richardson,QB,5,65,IND,ROSTER,hand,QUESTIONABLE,2025-09-15T12:40:02.401Z
47934,John,Ridgeway,DT,95,,,UFA,pectoral,OUT,2025-09-15T12:40:02.401Z
18952,Malcolm,Roach,DT,97,72,DEN,ROSTER,calf,OUT,2025-09-15T12:40:02.401Z
9942,Elandon,Roberts,OLB,52,74,LV,ROSTER,elbow,QUESTIONABLE,2025-09-15T12:40:02.401Z
168031,JJ,Roberts,FS,36,,,UFA,knee,OUT,2025-09-15T12:40:02.401Z
31658,Janarius,Robinson,DE,98,,,UFA,foot,QUESTIONABLE,2025-09-15T12:40:02.401Z
39117,Wan'Dale,Robinson,WR,17,53,NYG,ROSTER,ankle,QUESTIONABLE,2025-09-15T12:40:02.401Z
39214,Dominique,Robinson,DE,90,60,CHI,ROSTER,ankle,QUESTIONABLE,2025-09-15T12:40:02.401Z
168070,Jakob,Robinson,CB,49,,,UFA,forearm,OUT,2025-09-15T12:40:02.401Z
13365,Cam,Robinson,T,74,64,HOU,ROSTER,leg,QUESTIONABLE,2025-09-15T12:40:02.401Z
6914,Aaron,Rodgers,QB,8,59,PIT,ROSTER,back,QUESTIONABLE,2025-09-15T12:40:02.401Z
47179,Malcolm,Rodriguez,LB,44,61,DET,ROSTER,knee,QUESTIONABLE,2025-09-15T12:40:02.401Z
9625,Eric,Rogers,CB,39,75,LAC,ROSTER,undisclosed,OUT,2025-09-15T12:40:02.401Z
166935,Kurtis,Rourke,QB,,,,ROSTER,knee,OUT,2025-09-15T12:40:02.401Z
166796,Jalen,Royals,WR,11,73,KC,ROSTER,knee,QUESTIONABLE,2025-09-15T12:40:02.401Z
18808,Jon,Runyan,G,76,53,NYG,ROSTER,ankle,QUESTIONABLE,2025-09-15T12:40:02.401Z
47893,J.J.,Russell,LB,51,,,UFA,head,OUT,2025-09-15T12:40:02.401Z
79841,Nick,Saldiveri,OT,64,,,UFA,knee,OUT,2025-09-15T12:40:02.401Z
30967,Cameron,Sample,DE,96,57,CIN,ROSTER,achilles,QUESTIONABLE,2025-09-15T12:40:02.401Z
12811,Curtis,Samuel,WR,1,48,BUF,ROSTER,hamstring,QUESTIONABLE,2025-09-15T12:40:02.401Z
79805,Drew,Sanders,LB,41,,,UFA,foot,OUT,2025-09-15T12:40:02.401Z
14708,Jason,Sanders,K,7,49,MIA,ROSTER,hip,OUT,2025-09-15T12:40:02.401Z
166665,Shedeur,Sanders,QB,12,58,CLE,ROSTER,oblique,QUESTIONABLE,2025-09-15T12:40:02.401Z
112035,Zavier,Scott,RB,36,63,MIN,ROSTER,ankle,QUESTIONABLE,2025-09-15T12:40:02.401Z
166720,Nic,Scourton,LB,11,69,CAR,ROSTER,chest,QUESTIONABLE,2025-09-15T12:40:02.401Z
168246,Valentin,Senn,DT,69,,,UFA,undisclosed,OUT,2025-09-15T12:40:02.401Z
9984,Isaac,Seumalo,G,73,59,PIT,ROSTER,undisclosed,PROBABLE,2025-09-15T12:40:02.401Z
111934,Tyrell,Shavers,WR,14,48,BUF,ROSTER,ankle,QUESTIONABLE,2025-09-15T12:40:02.401Z
133962,Will,Shipley,RB,28,54,PHI,ROSTER,ribs,QUESTIONABLE,2025-09-15T12:40:02.401Z
166781,Cody,Simon,LB,50,76,ARI,ROSTER,concussion,QUESTIONABLE,2025-09-15T12:40:02.401Z
23001,John,Simpson,G,76,51,NYJ,ROSTER,back,QUESTIONABLE,2025-09-15T12:40:02.401Z
30441,Rashawn,Slater,T,70,,,UFA,knee,OUT,2025-09-15T12:40:02.401Z
16600,Darius,Slayton,WR,18,53,NYG,ROSTER,groin,QUESTIONABLE,2025-09-15T12:40:02.401Z
79789,Cam,Smith,LB,24,,,UFA,undisclosed,QUESTIONABLE,2025-09-15T12:40:02.401Z
7544,Harrison,Smith,FS,22,63,MIN,ROSTER,personal,QUESTIONABLE,2025-09-15T12:40:02.401Z
108851,Terell,Smith,CB,32,60,CHI,ROSTER,knee,QUESTIONABLE,2025-09-15T12:40:02.401Z
79764,Mazi,Smith,DT,58,52,DAL,ROSTER,knee,QUESTIONABLE,2025-09-15T12:40:02.401Z
133882,Maason,Smith,DT,94,66,JAX,ROSTER,undisclosed,OUT,2025-09-15T12:40:02.401Z
15193,Braden,Smith,T,72,65,IND,ROSTER,groin,QUESTIONABLE,2025-09-15T12:40:02.401Z
16360,Irv,Smith Jr.,LB,83,64,HOU,ROSTER,hand,OUT,2025-09-15T12:40:02.401Z
166788,Barryn,Sorrell,DE,99,62,GB,ROSTER,knee,QUESTIONABLE,2025-09-15T12:40:02.401Z
108838,Colby,Sorsdal,G,75,,,UFA,undisclosed,OUT,2025-09-15T12:40:02.401Z
79819,Tyjae,Spears,RB,2,67,TEN,ROSTER,ankle,OUT,2025-09-15T12:40:02.401Z
14689,Equanimeous,St. Brown,WR,7,,,ROSTER,foot,OUT,2025-09-15T12:40:02.401Z
133958,Cade,Stover,TE,87,64,HOU,INJURY_LIST,foot,OUT,2025-09-15T12:40:02.401Z
133872,T'Vondre,Sweat,DT,93,67,TEN,ROSTER,ankle,OUT,2025-09-15T12:40:02.401Z
133965,T.J.,Tampa,CB,27,56,BAL,ROSTER,undisclosed,QUESTIONABLE,2025-09-15T12:40:02.401Z
16405,Jahlani,Tavai,OLB,48,,,UFA,undisclosed,OUT,2025-09-15T12:40:02.401Z
13480,Trent,Taylor,WR,81,,,UFA,undisclosed,OUT,2025-09-15T12:40:02.401Z
166711,Mason,Taylor,TE,85,51,NYJ,ROSTER,ankle,QUESTIONABLE,2025-09-15T12:40:02.401Z
16720,Jawaan,Taylor,LB,74,73,KC,ROSTER,undisclosed,OUT,2025-09-15T12:40:02.401Z
6205,Tyrod,Taylor,QB,2,51,NYJ,ROSTER,knee,QUESTIONABLE,2025-09-15T12:40:02.401Z
20457,Patrick,Taylor Jr.,RB,32,,,UFA,shoulder,OUT,2025-09-15T12:40:02.401Z
18660,Andrew,Thomas,OT,78,53,NYG,ROSTER,foot,QUESTIONABLE,2025-09-15T12:40:02.401Z
22925,Daniel,Thomas,FS,2,61,DET,ROSTER,hand,QUESTIONABLE,2025-09-15T12:40:02.401Z
39156,Keir,Thomas,LB,96,,,UFA,undisclosed,OUT,2025-09-15T12:40:02.401Z
166743,Azareye'h,Thomas,CB,23,51,NYJ,ROSTER,shoulder,QUESTIONABLE,2025-09-15T12:40:02.401Z
112191,Starling,Thomas V,CB,24,,,UFA,knee,OUT,2025-09-15T12:40:02.401Z
6356,Shaq,Thompson,OLB,45,48,BUF,ROSTER,hamstring,QUESTIONABLE,2025-09-15T12:40:02.401Z
44961,Skylar,Thompson,LB,17,59,PIT,ROSTER,hamstring,OUT,2025-09-15T12:40:02.401Z
39292,Zach,Tom,OT,50,62,GB,ROSTER,hip,QUESTIONABLE,2025-09-15T12:40:02.401Z
13110,Dalvin,Tomlinson,DT,94,76,ARI,ROSTER,knee,QUESTIONABLE,2025-09-15T12:40:02.401Z
108868,Tre'Vius,Tomlinson,CB,6,,,UFA,undisclosed,OUT,2025-09-15T12:40:02.401Z
133909,Bralen,Trice,LB,48,,,UFA,knee,OUT,2025-09-15T12:40:02.401Z
112020,Cory,Trice Jr.,LB,27,59,PIT,ROSTER,hamstring,OUT,2025-09-15T12:40:02.401Z
30695,Jay,Tufele,DT,78,51,NYJ,ROSTER,illness,OUT,2025-09-15T12:40:02.401Z
166714,JT,Tuimoloau,DE,91,65,IND,ROSTER,knee,QUESTIONABLE,2025-09-15T12:40:02.401Z
166731,Shemar,Turner,DT,95,60,CHI,ROSTER,ankle,QUESTIONABLE,2025-09-15T12:40:02.401Z
15040,Zeke,Turner,LB,47,,,UFA,foot,OUT,2025-09-15T12:40:02.401Z
30452,Payton,Turner,DE,98,,,UFA,ribs,OUT,2025-09-15T12:40:02.401Z
166747,Princely,Umanmielen,LB,3,69,CAR,ROSTER,shoulder,QUESTIONABLE,2025-09-15T12:40:02.401Z
133967,Sione,Vaki,RB,33,61,DET,ROSTER,hamstring,QUESTIONABLE,2025-09-15T12:40:02.401Z
30357,Cole,Van Lanen,OT,70,66,JAX,ROSTER,shoulder,QUESTIONABLE,2025-09-15T12:40:02.401Z
133977,Sedrick,Van Pran-Granger,C,62,48,BUF,ROSTER,calf,OUT,2025-09-15T12:40:02.401Z
112166,Ben,VanSumeren,FB,43,54,PHI,ROSTER,knee,OUT,2025-09-15T12:40:02.401Z
30442,Alijah,Vera-Tucker,G,75,51,NYJ,INJURY_LIST,tricep,OUT,2025-09-15T12:40:02.401Z
167979,Malik,Verdon,ILB,43,,,UFA,undisclosed,OUT,2025-09-15T12:40:02.401Z
30434,Jaylen,Waddle,WR,17,49,MIA,ROSTER,shoulder,QUESTIONABLE,2025-09-15T12:40:02.401Z
134289,Dayton,Wade,LB,82,,,UFA,ribs,OUT,2025-09-15T12:40:02.401Z
166669,Deone,Walker,DT,96,48,BUF,ROSTER,illness,QUESTIONABLE,2025-09-15T12:40:02.401Z
166785,David,Walker,OLB,,,,UFA,knee,OUT,2025-09-15T12:40:02.401Z
133948,Devontez,Walker,WR,81,56,BAL,ROSTER,undisclosed,QUESTIONABLE,2025-09-15T12:40:02.401Z
168247,Johnny,Walker Jr.,LB,,,,UNASSIGNED,undisclosed,OUT,2025-09-15T12:40:02.401Z
6133,Darren,Waller,TE,83,49,MIA,ROSTER,undisclosed,OUT,2025-09-15T12:40:02.401Z
166750,Justin,Walley,CB,27,65,IND,INJURY_LIST,knee,OUT,2025-09-15T12:40:02.401Z
8457,Jimmie,Ward,FS,20,,,UFA,foot,QUESTIONABLE,2025-09-15T12:40:02.401Z
15148,Charvarius,Ward,CB,7,65,IND,ROSTER,concussion,OUT,2025-09-15T12:40:02.401Z
14495,Denzel,Ward,CB,21,58,CLE,ROSTER,ankle,QUESTIONABLE,2025-09-15T12:40:02.401Z
30220,Ar'Darius,Washington,DB,29,56,BAL,ROSTER,achilles,OUT,2025-09-15T12:40:02.401Z
168250,Savion,Washington,T,67,,,ROSTER,undisclosed,OUT,2025-09-15T12:40:02.401Z
134077,Tahj,Washington,WR,7,49,MIA,ROSTER,undisclosed,QUESTIONABLE,2025-09-15T12:40:02.401Z
112239,Carlos,Washington Jr.,RB,26,68,ATL,ROSTER,concussion,QUESTIONABLE,2025-09-15T12:40:02.401Z
166799,Jordan,Watkins,WR,17,78,SF,ROSTER,ankle,QUESTIONABLE,2025-09-15T12:40:02.401Z
13027,Deshaun,Watson,QB,4,,,UFA,achilles,OUT,2025-09-15T12:40:02.401Z
39108,Christian,Watson,WR,9,62,GB,ROSTER,knee,OUT,2025-09-15T12:40:02.401Z
134042,Nathaniel,Watson,LB,40,,,UFA,bicep,OUT,2025-09-15T12:40:02.401Z
8819,Tress,Way,P,10,55,WAS,ROSTER,back,QUESTIONABLE,2025-09-15T12:40:02.401Z
30611,Rashad,Weaver,DE,99,,,ROSTER,undisclosed,OUT,2025-09-15T12:40:02.401Z
112238,Barry,Wesley,OT,69,,,UFA,undisclosed,OUT,2025-09-15T12:40:02.401Z
166779,CJ,West,DT,99,78,SF,ROSTER,knee,QUESTIONABLE,2025-09-15T12:40:02.401Z
167686,Ja'Markis,Weston,DE,54,,,UFA,undisclosed,OUT,2025-09-15T12:40:02.401Z
22481,Tershawn,Wharton,DE,99,69,CAR,ROSTER,head,OUT,2025-09-15T12:40:02.401Z
30627,Tyrone,Wheatley Jr.,T,74,,,UFA,undisclosed,OUT,2025-09-15T12:40:02.401Z
12790,Tre'Davious,White,CB,27,48,BUF,ROSTER,groin,QUESTIONABLE,2025-09-15T12:40:02.401Z
79784,Keion,White,DE,99,50,NE,ROSTER,illness,OUT,2025-09-15T12:40:02.401Z
112291,Blake,Whiteheart,TE,86,58,CLE,ROSTER,knee,QUESTIONABLE,2025-09-15T12:40:02.401Z
133966,Jared,Wiley,TE,12,73,KC,ROSTER,hamstring,QUESTIONABLE,2025-09-15T12:40:02.401Z
16781,Quincy,Williams,LB,56,51,NYJ,ROSTER,calf,QUESTIONABLE,2025-09-15T12:40:02.401Z
8775,Trent,Williams,T,71,78,SF,ROSTER,knee,OUT,2025-09-15T12:40:02.401Z
166915,Cameron,Williams,OT,73,54,PHI,INJURY_LIST,shoulder,OUT,2025-09-15T12:40:02.401Z
166863,John,Williams,OT,,,,ROSTER,back,OUT,2025-09-15T12:40:02.401Z
16874,Jonah,Williams,OT,73,76,ARI,ROSTER,knee,QUESTIONABLE,2025-09-15T12:40:02.401Z
167959,Elijah,Williams,DE,99,63,MIN,ROSTER,hamstring,QUESTIONABLE,2025-09-15T12:40:02.401Z
168248,Jack,Wilson,T,76,,,UFA,undisclosed,OUT,2025-09-15T12:40:02.401Z
134021,Johnny,Wilson,WR,89,,,UFA,knee,OUT,2025-09-15T12:40:02.401Z
18581,Logan,Wilson,LB,55,57,CIN,ROSTER,head,QUESTIONABLE,2025-09-15T12:40:02.401Z
30698,Marco,Wilson,CB,24,57,CIN,ROSTER,undisclosed,QUESTIONABLE,2025-09-15T12:40:02.401Z
47265,Perrion,Winfrey,DT,99,52,DAL,INJURY_LIST,back,QUESTIONABLE,2025-09-15T12:40:02.401Z
134025,Mekhi,Wingo,DT,94,61,DET,ROSTER,undisclosed,QUESTIONABLE,2025-09-15T12:40:02.401Z
166752,Kevin,Winston Jr.,FS,23,67,TEN,ROSTER,hamstring,OUT,2025-09-15T12:40:02.401Z
18684,Tristan,Wirfs,OT,78,71,TB,ROSTER,knee,QUESTIONABLE,2025-09-15T12:40:02.401Z
13084,Deatrich,Wise Jr.,DE,91,55,WAS,ROSTER,quadricep,OUT,2025-09-15T12:40:02.401Z
166939,Hunter,Wohler,FS,30,,,UFA,foot,OUT,2025-09-15T12:40:02.401Z
12902,Zach,Wood,LS,49,70,NO,ROSTER,hamstring,QUESTIONABLE,2025-09-15T12:40:02.401Z
134564,Charles,Woods,CB,22,50,NE,ROSTER,concussion,QUESTIONABLE,2025-09-15T12:40:02.401Z
133862,Xavier,Worthy,WR,1,73,KC,ROSTER,shoulder,OUT,2025-09-15T12:40:02.401Z
133955,Jaylen,Wright,RB,5,49,MIA,ROSTER,leg,OUT,2025-09-15T12:40:02.401Z
108876,Luke,Wypler,C,56,58,CLE,ROSTER,ankle,QUESTIONABLE,2025-09-15T12:40:02.401Z
30123,Kenny,Yeboah,TE,88,,,UFA,leg,OUT,2025-09-15T12:40:02.401Z
30610,Landon,Young,OT,67,,,UFA,ankle,OUT,2025-09-15T12:40:02.401Z
39194,Dareke,Young,WR,83,79,SEA,ROSTER,hamstring,QUESTIONABLE,2025-09-15T12:40:02.401Z
18689,Chase,Young,OLB,99,70,NO,ROSTER,calf,OUT,2025-09-15T12:40:02.401Z
79852,Chandler,Zavala,G,62,69,CAR,ROSTER,knee,QUESTIONABLE,2025-09-15T12:40:02.401Z
6497,Kevin,Zeitler,G,70,67,TEN,ROSTER,hamstring,QUESTIONABLE,2025-09-15T12:40:02.401Z
