date,home_team,away_team,spread_home,total,home_win
2022-09-11,CLEVELAND BROWNS,CAROLINA PANTHERS,1.5,42.0,1
2022-09-11,PITTSBURGH STEELERS,CINCINNATI BENGALS,7.0,44.0,1
2022-09-11,NEW ENGLAND PATRIOTS,MIAMI DOLPHINS,3.0,46.0,0
2022-09-11,JACKSONVILLE JAGUARS,WASHINGTON COMMANDERS,3.0,43.0,0
2022-09-11,LAS VEGAS RAIDERS,LOS ANGELES CHARGERS,3.5,52.5,0
2022-09-11,GREEN BAY PACKERS,MINNESOTA VIKINGS,2.5,46.0,0
2022-09-11,NEW YORK GIANTS,TENNESSEE TITANS,5.0,44.0,1
2022-09-15,LOS ANGELES CHARGERS,KANSAS CITY CHIEFS,4.0,54.0,0
2022-09-18,MIAMI DOLPHINS,BALTIMORE RAVENS,3.5,44.5,1
2022-09-18,NEW YORK JETS,CLEVELAND BROWNS,6.5,39.5,1
2022-09-18,WASHINGTON COMMANDERS,DETROIT LIONS,1.5,48.5,0
2022-09-18,CAROLINA PANTHERS,NEW YORK GIANTS,2.0,43.5,0
2022-09-18,ATLANTA FALCONS,LOS ANGELES RAMS,10.0,46.5,0
2022-09-18,SEATTLE SEAHAWKS,SAN FRANCISCO 49ERS,9.0,40.5,0
2022-09-18,HOUSTON TEXANS,DENVER BRONCOS,10.0,45.5,0
2022-09-18,ARIZONA CARDINALS,LAS VEGAS RAIDERS,5.5,51.5,1
2022-09-18,CHICAGO BEARS,GREEN BAY PACKERS,10.0,41.5,0
2022-09-19,TENNESSEE TITANS,BUFFALO BILLS,10.0,47.5,0
2022-09-19,MINNESOTA VIKINGS,PHILADELPHIA EAGLES,2.5,50.5,0
2022-09-22,PITTSBURGH STEELERS,CLEVELAND BROWNS,4.5,38.5,0
2022-09-25,HOUSTON TEXANS,CHICAGO BEARS,3.0,39.0,0
2022-09-25,DETROIT LIONS,MINNESOTA VIKINGS,6.0,52.5,0
2022-09-25,JACKSONVILLE JAGUARS,LOS ANGELES CHARGERS,3.0,42.5,1
2022-09-25,ATLANTA FALCONS,SEATTLE SEAHAWKS,1.0,42.0,1
2022-09-25,GREEN BAY PACKERS,TAMPA BAY BUCCANEERS,1.0,42.0,1
2022-09-26,DALLAS COWBOYS,NEW YORK GIANTS,1.0,39.0,1
2022-09-29,MIAMI DOLPHINS,CINCINNATI BENGALS,3.5,47.5,0
2022-10-02,WASHINGTON COMMANDERS,DALLAS COWBOYS,3.0,41.5,0
2022-10-02,SEATTLE SEAHAWKS,DETROIT LIONS,3.5,48.0,1
2022-10-02,TENNESSEE TITANS,INDIANAPOLIS COLTS,3.5,43.0,1
2022-10-02,MINNESOTA VIKINGS,NEW ORLEANS SAINTS,-3.5,42.0,1
2022-10-02,CHICAGO BEARS,NEW YORK GIANTS,3.0,39.0,0
2022-10-02,JACKSONVILLE JAGUARS,PHILADELPHIA EAGLES,6.5,45.5,0
2022-10-02,NEW YORK JETS,PITTSBURGH STEELERS,3.5,41.5,1
2022-10-02,ARIZONA CARDINALS,CAROLINA PANTHERS,1.0,43.5,1
2022-10-02,NEW ENGLAND PATRIOTS,GREEN BAY PACKERS,9.5,40.0,0
2022-10-02,DENVER BRONCOS,LAS VEGAS RAIDERS,2.5,45.5,0
2022-10-02,KANSAS CITY CHIEFS,TAMPA BAY BUCCANEERS,1.0,46.0,1
2022-10-03,LOS ANGELES RAMS,SAN FRANCISCO 49ERS,1.5,42.5,0
2022-10-06,INDIANAPOLIS COLTS,DENVER BRONCOS,3.0,42.0,1
2022-10-09,GREEN BAY PACKERS,NEW YORK GIANTS,-8.0,41.5,0
2022-10-09,PITTSBURGH STEELERS,BUFFALO BILLS,14.0,45.5,0
2022-10-09,HOUSTON TEXANS,JACKSONVILLE JAGUARS,7.0,43.5,1
2022-10-09,CHICAGO BEARS,MINNESOTA VIKINGS,7.5,44.0,0
2022-10-09,DETROIT LIONS,NEW ENGLAND PATRIOTS,3.0,45.5,0
2022-10-09,SEATTLE SEAHAWKS,NEW ORLEANS SAINTS,5.0,45.0,0
2022-10-09,ATLANTA FALCONS,TAMPA BAY BUCCANEERS,10.0,46.5,0
2022-10-09,DALLAS COWBOYS,LOS ANGELES RAMS,5.5,42.0,1
2022-10-09,CINCINNATI BENGALS,BALTIMORE RAVENS,3.5,47.5,0
2022-10-10,LAS VEGAS RAIDERS,KANSAS CITY CHIEFS,7.0,51.5,0
2022-10-16,NEW ENGLAND PATRIOTS,CLEVELAND BROWNS,2.5,43.0,1
2022-10-16,NEW YORK JETS,GREEN BAY PACKERS,7.5,45.0,1
2022-10-16,JACKSONVILLE JAGUARS,INDIANAPOLIS COLTS,1.5,41.0,0
2022-10-16,CAROLINA PANTHERS,LOS ANGELES RAMS,10.0,41.5,0
2022-10-16,DALLAS COWBOYS,PHILADELPHIA EAGLES,6.5,42.0,0
2022-10-17,DENVER BRONCOS,LOS ANGELES CHARGERS,4.5,45.5,0
2022-10-20,NEW ORLEANS SAINTS,ARIZONA CARDINALS,2.5,44.0,0
2022-10-23,CLEVELAND BROWNS,BALTIMORE RAVENS,6.5,45.5,0
2022-10-23,ATLANTA FALCONS,CINCINNATI BENGALS,6.5,47.0,0
2022-10-23,DETROIT LIONS,DALLAS COWBOYS,6.5,49.0,0
2022-10-23,NEW YORK GIANTS,JACKSONVILLE JAGUARS,3.0,43.5,1
2022-10-23,INDIANAPOLIS COLTS,TENNESSEE TITANS,2.5,41.5,0
2022-10-23,HOUSTON TEXANS,LAS VEGAS RAIDERS,7.0,46.0,0
2022-10-23,SEATTLE SEAHAWKS,LOS ANGELES CHARGERS,4.5,50.5,1
2022-10-23,KANSAS CITY CHIEFS,@,-1.0,49.0,1
2022-10-23,PITTSBURGH STEELERS,MIAMI DOLPHINS,7.5,44.5,0
2022-10-24,CHICAGO BEARS,NEW ENGLAND PATRIOTS,8.5,40.5,1
2022-10-27,BALTIMORE RAVENS,TAMPA BAY BUCCANEERS,1.5,45.5,1
2022-10-30,JACKSONVILLE JAGUARS,DENVER BRONCOS,-2.0,40.5,0
2022-10-30,CAROLINA PANTHERS,ATLANTA FALCONS,4.0,41.0,0
2022-10-30,CHICAGO BEARS,DALLAS COWBOYS,10.0,42.5,0
2022-10-30,ARIZONA CARDINALS,MINNESOTA VIKINGS,3.5,48.5,0
2022-10-30,PITTSBURGH STEELERS,PHILADELPHIA EAGLES,10.5,43.0,0
2022-10-30,NEW YORK GIANTS,SEATTLE SEAHAWKS,3.0,44.5,0
2022-10-30,WASHINGTON COMMANDERS,INDIANAPOLIS COLTS,3.0,39.5,1
2022-10-30,SAN FRANCISCO 49ERS,LOS ANGELES RAMS,2.5,42.0,1
2022-10-30,GREEN BAY PACKERS,BUFFALO BILLS,10.5,47.0,0
2022-11-06,CAROLINA PANTHERS,CINCINNATI BENGALS,7.0,42.5,0
2022-11-06,INDIANAPOLIS COLTS,NEW ENGLAND PATRIOTS,5.0,40.5,0
2022-11-06,SEATTLE SEAHAWKS,ARIZONA CARDINALS,2.0,49.0,1
2022-11-06,LOS ANGELES RAMS,TAMPA BAY BUCCANEERS,3.0,42.5,0
2022-11-06,TENNESSEE TITANS,KANSAS CITY CHIEFS,12.5,45.5,0
2022-11-13,TAMPA BAY BUCCANEERS,SEATTLE SEAHAWKS,-2.5,45.0,1
2022-11-13,MINNESOTA VIKINGS,BUFFALO BILLS,6.5,44.5,1
2022-11-13,DETROIT LIONS,CHICAGO BEARS,2.5,48.5,1
2022-11-13,JACKSONVILLE JAGUARS,KANSAS CITY CHIEFS,9.0,51.0,0
2022-11-13,CLEVELAND BROWNS,MIAMI DOLPHINS,3.5,49.5,0
2022-11-13,HOUSTON TEXANS,NEW YORK GIANTS,4.5,41.0,0
2022-11-13,DENVER BRONCOS,TENNESSEE TITANS,2.5,39.0,0
2022-11-13,INDIANAPOLIS COLTS,LAS VEGAS RAIDERS,4.0,41.0,1
2022-11-13,ARIZONA CARDINALS,LOS ANGELES RAMS,2.5,39.5,1
2022-11-13,LOS ANGELES CHARGERS,SAN FRANCISCO 49ERS,7.5,45.0,0
2022-11-14,WASHINGTON COMMANDERS,PHILADELPHIA EAGLES,10.5,43.5,1
2022-11-17,TENNESSEE TITANS,GREEN BAY PACKERS,3.0,41.0,1
2022-11-20,CHICAGO BEARS,ATLANTA FALCONS,2.5,49.0,0
2022-11-20,CAROLINA PANTHERS,BALTIMORE RAVENS,13.0,41.5,0
2022-11-20,BUFFALO BILLS,CLEVELAND BROWNS,-7.5,50.0,1
2022-11-20,NEW YORK JETS,NEW ENGLAND PATRIOTS,3.5,38.0,0
2022-11-20,LOS ANGELES RAMS,NEW ORLEANS SAINTS,2.5,39.0,0
2022-11-20,DETROIT LIONS,NEW YORK GIANTS,3.0,44.5,1
2022-11-20,LAS VEGAS RAIDERS,DENVER BRONCOS,2.5,41.0,1
2022-11-21,SAN FRANCISCO 49ERS,ARIZONA CARDINALS,-8.0,43.0,1
2022-11-24,NEW YORK GIANTS,DALLAS COWBOYS,10.0,45.5,0
2022-11-24,NEW ENGLAND PATRIOTS,MINNESOTA VIKINGS,2.5,42.5,0
2022-11-27,HOUSTON TEXANS,MIAMI DOLPHINS,14.0,47.0,0
2022-11-27,CHICAGO BEARS,NEW YORK JETS,7.0,38.5,0
2022-11-27,ATLANTA FALCONS,WASHINGTON COMMANDERS,4.0,40.5,0
2022-11-27,LAS VEGAS RAIDERS,SEATTLE SEAHAWKS,4.0,47.5,1
2022-11-27,LOS ANGELES RAMS,KANSAS CITY CHIEFS,15.5,42.0,0
2022-11-27,NEW ORLEANS SAINTS,SAN FRANCISCO 49ERS,9.0,43.0,0
2022-11-27,GREEN BAY PACKERS,PHILADELPHIA EAGLES,6.5,46.0,0
2022-11-28,PITTSBURGH STEELERS,INDIANAPOLIS COLTS,2.5,39.5,1
2022-12-04,PITTSBURGH STEELERS,ATLANTA FALCONS,1.0,43.0,1
2022-12-04,DENVER BRONCOS,BALTIMORE RAVENS,9.5,39.5,0
2022-12-04,JACKSONVILLE JAGUARS,DETROIT LIONS,1.0,51.0,0
2022-12-04,NEW YORK JETS,MINNESOTA VIKINGS,3.0,44.5,0
2022-12-04,TENNESSEE TITANS,PHILADELPHIA EAGLES,4.0,44.0,0
2022-12-04,MIAMI DOLPHINS,SAN FRANCISCO 49ERS,4.5,45.5,0
2022-12-04,LOS ANGELES CHARGERS,LAS VEGAS RAIDERS,2.5,49.5,0
2022-12-04,INDIANAPOLIS COLTS,DALLAS COWBOYS,10.5,44.5,0
2022-12-05,NEW ORLEANS SAINTS,TAMPA BAY BUCCANEERS,3.0,41.0,0
2022-12-11,NEW YORK JETS,BUFFALO BILLS,10.0,43.0,0
2022-12-11,CLEVELAND BROWNS,CINCINNATI BENGALS,5.5,46.5,0
2022-12-11,HOUSTON TEXANS,DALLAS COWBOYS,17.0,44.0,0
2022-12-11,MINNESOTA VIKINGS,DETROIT LIONS,2.0,51.5,0
2022-12-11,BALTIMORE RAVENS,PITTSBURGH STEELERS,1.5,36.5,1
2022-12-11,JACKSONVILLE JAGUARS,TENNESSEE TITANS,3.5,41.0,1
2022-12-11,TAMPA BAY BUCCANEERS,SAN FRANCISCO 49ERS,3.5,37.5,0
2022-12-11,CAROLINA PANTHERS,SEATTLE SEAHAWKS,4.0,44.5,1
2022-12-17,INDIANAPOLIS COLTS,MINNESOTA VIKINGS,3.5,47.5,0
2022-12-17,BALTIMORE RAVENS,CLEVELAND BROWNS,3.0,38.0,0
2022-12-17,MIAMI DOLPHINS,BUFFALO BILLS,7.0,43.5,0
2022-12-18,PITTSBURGH STEELERS,CAROLINA PANTHERS,2.5,37.5,1
2022-12-18,ATLANTA FALCONS,NEW ORLEANS SAINTS,4.0,43.5,0
2022-12-18,DETROIT LIONS,NEW YORK JETS,1.0,43.5,1
2022-12-18,ARIZONA CARDINALS,DENVER BRONCOS,1.5,36.5,0
2022-12-18,NEW ENGLAND PATRIOTS,LAS VEGAS RAIDERS,1.5,45.0,0
2022-12-18,TENNESSEE TITANS,LOS ANGELES CHARGERS,3.0,46.5,0
2022-12-18,NEW YORK GIANTS,WASHINGTON COMMANDERS,4.5,40.5,1
2022-12-19,LOS ANGELES RAMS,GREEN BAY PACKERS,7.0,39.5,0
2022-12-22,JACKSONVILLE JAGUARS,NEW YORK JETS,2.0,37.0,1
2022-12-24,ATLANTA FALCONS,BALTIMORE RAVENS,6.5,34.5,0
2022-12-24,NEW ORLEANS SAINTS,CLEVELAND BROWNS,3.0,32.0,1
2022-12-24,SEATTLE SEAHAWKS,KANSAS CITY CHIEFS,10.0,49.5,0
2022-12-24,NEW YORK GIANTS,MINNESOTA VIKINGS,4.0,49.5,0
2022-12-24,LAS VEGAS RAIDERS,PITTSBURGH STEELERS,2.0,38.0,0
2022-12-24,HOUSTON TEXANS,TENNESSEE TITANS,3.0,35.5,1
2022-12-24,WASHINGTON COMMANDERS,SAN FRANCISCO 49ERS,6.5,37.5,0
2022-12-24,PHILADELPHIA EAGLES,DALLAS COWBOYS,4.5,47.0,0
2022-12-25,GREEN BAY PACKERS,MIAMI DOLPHINS,3.5,49.5,1
2023-01-01,ARIZONA CARDINALS,ATLANTA FALCONS,6.0,41.0,0
2023-01-01,CHICAGO BEARS,DETROIT LIONS,6.0,52.5,0
2023-01-01,DENVER BRONCOS,KANSAS CITY CHIEFS,12.5,45.0,0
2023-01-01,MIAMI DOLPHINS,NEW ENGLAND PATRIOTS,2.5,41.0,0
2023-01-01,INDIANAPOLIS COLTS,NEW YORK GIANTS,5.5,39.0,0
2023-01-01,NEW ORLEANS SAINTS,PHILADELPHIA EAGLES,5.5,41.5,1
2023-01-01,CAROLINA PANTHERS,TAMPA BAY BUCCANEERS,3.5,40.5,0
2023-01-01,CLEVELAND BROWNS,WASHINGTON COMMANDERS,2.0,40.5,1
2023-01-01,MINNESOTA VIKINGS,GREEN BAY PACKERS,3.0,47.5,0
2023-01-01,LOS ANGELES RAMS,LOS ANGELES CHARGERS,6.5,41.5,0
2023-01-01,PITTSBURGH STEELERS,BALTIMORE RAVENS,2.5,35.0,1
2023-01-07,TENNESSEE TITANS,JACKSONVILLE JAGUARS,6.5,40.0,0
2023-01-08,TAMPA BAY BUCCANEERS,ATLANTA FALCONS,4.0,40.5,0
2023-01-08,NEW ENGLAND PATRIOTS,BUFFALO BILLS,7.5,43.5,0
2023-01-08,BALTIMORE RAVENS,CINCINNATI BENGALS,9.0,39.5,0
2023-01-08,HOUSTON TEXANS,INDIANAPOLIS COLTS,2.5,37.5,1
2023-01-08,NEW YORK JETS,MIAMI DOLPHINS,3.5,37.0,0
2023-01-08,CAROLINA PANTHERS,NEW ORLEANS SAINTS,3.5,41.5,1
2023-01-08,CLEVELAND BROWNS,PITTSBURGH STEELERS,2.5,40.0,0
2023-01-08,LOS ANGELES CHARGERS,DENVER BRONCOS,3.0,39.5,0
2023-01-08,NEW YORK GIANTS,PHILADELPHIA EAGLES,16.0,42.0,0
2023-01-08,ARIZONA CARDINALS,SAN FRANCISCO 49ERS,14.0,39.5,0
2023-01-08,LOS ANGELES RAMS,SEATTLE SEAHAWKS,6.0,41.5,0
2023-01-08,DETROIT LIONS,GREEN BAY PACKERS,5.0,49.0,1
2023-01-14,SEATTLE SEAHAWKS (7),SAN FRANCISCO 49ERS (2),9.5,42.0,0
2023-01-14,LOS ANGELES CHARGERS (5),@,-2.5,4.0,0
2023-01-15,MIAMI DOLPHINS (7),BUFFALO BILLS (2),13.5,43.5,0
2023-01-15,NEW YORK GIANTS (6),MINNESOTA VIKINGS (3),3.0,48.0,1
2023-01-15,BALTIMORE RAVENS (6),CINCINNATI BENGALS (3),8.5,40.5,0
2023-01-16,DALLAS COWBOYS (5),@,-3.0,4.0,1
2023-01-21,JACKSONVILLE JAGUARS (4),KANSAS CITY CHIEFS (1),9.0,52.5,0
2023-01-21,NEW YORK GIANTS (6),PHILADELPHIA EAGLES (1),7.5,48.0,0
2023-01-22,CINCINNATI BENGALS (3),BUFFALO BILLS (2),5.5,49.0,1
2023-01-22,DALLAS COWBOYS (5),SAN FRANCISCO 49ERS (2),4.0,47.0,0
2023-01-29,SAN FRANCISCO 49ERS (2),PHILADELPHIA EAGLES (1),2.5,45.5,0
2023-01-29,CINCINNATI BENGALS (3),KANSAS CITY CHIEFS (1),1.5,48.0,0
2023-02-12,KANSAS CITY CHIEFS (1),PHILADELPHIA EAGLES (1),1.0,51.0,1
2023-09-07,KANSAS CITY CHIEFS,DETROIT LIONS,-4.0,53.5,0
2023-09-10,ATLANTA FALCONS,CAROLINA PANTHERS,-3.0,43.0,1
2023-09-10,BALTIMORE RAVENS,HOUSTON TEXANS,-9.0,44.5,1
2023-09-10,CHICAGO BEARS,GREEN BAY PACKERS,-2.5,44.5,0
2023-09-10,CLEVELAND BROWNS,CINCINNATI BENGALS,1.0,46.5,1
2023-09-10,INDIANAPOLIS COLTS,JACKSONVILLE JAGUARS,3.5,43.5,0
2023-09-10,MINNESOTA VIKINGS,TAMPA BAY BUCCANEERS,-4.0,45.5,0
2023-09-10,NEW ORLEANS SAINTS,TENNESSEE TITANS,-3.5,41.5,1
2023-09-10,PITTSBURGH STEELERS,SAN FRANCISCO 49ERS,2.5,40.5,0
2023-09-10,WASHINGTON COMMANDERS,ARIZONA CARDINALS,-6.0,40.5,1
2023-09-10,DENVER BRONCOS,LAS VEGAS RAIDERS,-2.5,44.5,0
2023-09-10,LOS ANGELES CHARGERS,MIAMI DOLPHINS,-2.5,49.5,0
2023-09-10,NEW ENGLAND PATRIOTS,PHILADELPHIA EAGLES,4.0,45.5,0
2023-09-10,SEATTLE SEAHAWKS,LOS ANGELES RAMS,-5.5,46.5,0
2023-09-10,NEW YORK GIANTS,DALLAS COWBOYS,3.0,46.5,0
2023-09-11,NEW YORK JETS,BUFFALO BILLS,1.5,47.5,1
2023-09-14,PHILADELPHIA EAGLES,MINNESOTA VIKINGS,-6.0,49.0,1
2023-09-17,ATLANTA FALCONS,GREEN BAY PACKERS,-3.0,40.5,1
2023-09-17,BUFFALO BILLS,LAS VEGAS RAIDERS,-8.0,47.0,1
2023-09-17,CINCINNATI BENGALS,BALTIMORE RAVENS,-3.5,45.5,0
2023-09-17,DETROIT LIONS,SEATTLE SEAHAWKS,-4.5,47.0,0
2023-09-17,HOUSTON TEXANS,INDIANAPOLIS COLTS,-1.0,40.0,0
2023-09-17,JACKSONVILLE JAGUARS,KANSAS CITY CHIEFS,3.5,51.0,0
2023-09-17,TAMPA BAY BUCCANEERS,CHICAGO BEARS,-2.5,42.0,1
2023-09-17,TENNESSEE TITANS,LOS ANGELES CHARGERS,2.5,45.5,1
2023-09-17,ARIZONA CARDINALS,NEW YORK GIANTS,4.5,36.5,0
2023-09-17,LOS ANGELES RAMS,SAN FRANCISCO 49ERS,7.5,44.5,0
2023-09-17,DALLAS COWBOYS,NEW YORK JETS,-8.5,38.5,1
2023-09-17,DENVER BRONCOS,WASHINGTON COMMANDERS,-4.0,38.5,0
2023-09-17,NEW ENGLAND PATRIOTS,MIAMI DOLPHINS,2.0,46.5,0
2023-09-18,CAROLINA PANTHERS,NEW ORLEANS SAINTS,3.0,39.5,0
2023-09-18,PITTSBURGH STEELERS,CLEVELAND BROWNS,2.5,39.0,1
2023-09-21,SAN FRANCISCO 49ERS,NEW YORK GIANTS,-10.5,43.5,1
2023-09-24,BALTIMORE RAVENS,INDIANAPOLIS COLTS,-7.5,44.5,0
2023-09-24,CLEVELAND BROWNS,TENNESSEE TITANS,-3.5,38.0,1
2023-09-24,DETROIT LIONS,ATLANTA FALCONS,-3.0,47.5,1
2023-09-24,GREEN BAY PACKERS,NEW ORLEANS SAINTS,-1.5,41.5,1
2023-09-24,JACKSONVILLE JAGUARS,HOUSTON TEXANS,-9.5,43.5,0
2023-09-24,MIAMI DOLPHINS,DENVER BRONCOS,-6.0,47.5,1
2023-09-24,MINNESOTA VIKINGS,LOS ANGELES CHARGERS,-1.0,53.0,0
2023-09-24,NEW YORK JETS,NEW ENGLAND PATRIOTS,2.5,35.5,0
2023-09-24,WASHINGTON COMMANDERS,BUFFALO BILLS,4.5,43.5,0
2023-09-24,SEATTLE SEAHAWKS,CAROLINA PANTHERS,-5.0,43.0,1
2023-09-24,ARIZONA CARDINALS,DALLAS COWBOYS,11.5,43.5,1
2023-09-24,KANSAS CITY CHIEFS,CHICAGO BEARS,-13.0,48.5,1
2023-09-24,LAS VEGAS RAIDERS,PITTSBURGH STEELERS,-3.0,43.5,0
2023-09-25,TAMPA BAY BUCCANEERS,PHILADELPHIA EAGLES,6.0,44.0,0
2023-09-25,CINCINNATI BENGALS,LOS ANGELES RAMS,-3.0,45.5,1
2023-09-28,GREEN BAY PACKERS,DETROIT LIONS,2.5,45.0,0
2023-10-01,JACKSONVILLE JAGUARS,ATLANTA FALCONS,-3.5,42.5,1
2023-10-01,BUFFALO BILLS,MIAMI DOLPHINS,-2.5,53.0,1
2023-10-01,CAROLINA PANTHERS,MINNESOTA VIKINGS,4.5,46.5,0
2023-10-01,CHICAGO BEARS,DENVER BRONCOS,3.0,47.0,0
2023-10-01,CLEVELAND BROWNS,BALTIMORE RAVENS,2.5,41.0,0
2023-10-01,HOUSTON TEXANS,PITTSBURGH STEELERS,3.0,41.5,1
2023-10-01,INDIANAPOLIS COLTS,LOS ANGELES RAMS,1.0,44.5,0
2023-10-01,NEW ORLEANS SAINTS,TAMPA BAY BUCCANEERS,-4.5,41.0,0
2023-10-01,PHILADELPHIA EAGLES,WASHINGTON COMMANDERS,-9.5,43.0,1
2023-10-01,TENNESSEE TITANS,CINCINNATI BENGALS,2.5,41.5,1
2023-10-01,LOS ANGELES CHARGERS,LAS VEGAS RAIDERS,-5.5,48.5,1
2023-10-01,DALLAS COWBOYS,NEW ENGLAND PATRIOTS,-6.5,43.5,1
2023-10-01,SAN FRANCISCO 49ERS,ARIZONA CARDINALS,-16.5,44.5,1
2023-10-01,NEW YORK JETS,KANSAS CITY CHIEFS,9.5,41.5,0
2023-10-02,NEW YORK GIANTS,SEATTLE SEAHAWKS,2.5,46.5,0
2023-10-05,WASHINGTON COMMANDERS,CHICAGO BEARS,-6.0,44.5,0
2023-10-08,BUFFALO BILLS,JACKSONVILLE JAGUARS,-5.5,48.5,0
2023-10-08,ATLANTA FALCONS,HOUSTON TEXANS,-2.5,42.0,1
2023-10-08,DETROIT LIONS,CAROLINA PANTHERS,-9.5,43.5,1
2023-10-08,INDIANAPOLIS COLTS,TENNESSEE TITANS,2.5,43.5,1
2023-10-08,MIAMI DOLPHINS,NEW YORK GIANTS,-13.0,47.5,1
2023-10-08,NEW ENGLAND PATRIOTS,NEW ORLEANS SAINTS,-1.5,38.5,0
2023-10-08,PITTSBURGH STEELERS,BALTIMORE RAVENS,4.5,38.5,1
2023-10-08,ARIZONA CARDINALS,CINCINNATI BENGALS,3.0,45.5,0
2023-10-08,LOS ANGELES RAMS,PHILADELPHIA EAGLES,3.5,49.5,0
2023-10-08,DENVER BRONCOS,NEW YORK JETS,-2.5,42.5,0
2023-10-08,MINNESOTA VIKINGS,KANSAS CITY CHIEFS,3.5,52.5,0
2023-10-08,SAN FRANCISCO 49ERS,DALLAS COWBOYS,-3.5,45.0,1
2023-10-09,LAS VEGAS RAIDERS,GREEN BAY PACKERS,-1.5,44.5,1
2023-10-12,KANSAS CITY CHIEFS,DENVER BRONCOS,-10.5,47.5,1
2023-10-15,BALTIMORE RAVENS,TENNESSEE TITANS,-5.0,42.5,1
2023-10-15,ATLANTA FALCONS,WASHINGTON COMMANDERS,-1.5,41.5,0
2023-10-15,CHICAGO BEARS,MINNESOTA VIKINGS,3.0,44.5,0
2023-10-15,CINCINNATI BENGALS,SEATTLE SEAHAWKS,-3.0,45.5,1
2023-10-15,CLEVELAND BROWNS,SAN FRANCISCO 49ERS,9.5,35.5,1
2023-10-15,HOUSTON TEXANS,NEW ORLEANS SAINTS,2.5,41.5,1
2023-10-15,JACKSONVILLE JAGUARS,INDIANAPOLIS COLTS,-4.5,43.5,1
2023-10-15,MIAMI DOLPHINS,CAROLINA PANTHERS,-14.0,47.5,1
2023-10-15,LAS VEGAS RAIDERS,NEW ENGLAND PATRIOTS,-2.5,42.5,1
2023-10-15,LOS ANGELES RAMS,ARIZONA CARDINALS,-7.0,47.5,1
2023-10-15,NEW YORK JETS,PHILADELPHIA EAGLES,6.5,43.5,1
2023-10-15,TAMPA BAY BUCCANEERS,DETROIT LIONS,3.0,43.5,0
2023-10-15,BUFFALO BILLS,NEW YORK GIANTS,-15.5,43.5,1
2023-10-16,LOS ANGELES CHARGERS,DALLAS COWBOYS,1.5,50.0,0
2023-10-19,NEW ORLEANS SAINTS,JACKSONVILLE JAGUARS,-2.5,40.5,0
2023-10-22,BALTIMORE RAVENS,DETROIT LIONS,-3.0,43.5,1
2023-10-22,CHICAGO BEARS,LAS VEGAS RAIDERS,2.5,38.5,1
2023-10-22,INDIANAPOLIS COLTS,CLEVELAND BROWNS,3.5,39.5,0
2023-10-22,NEW ENGLAND PATRIOTS,BUFFALO BILLS,7.5,41.5,1
2023-10-22,NEW YORK GIANTS,WASHINGTON COMMANDERS,3.0,36.5,1
2023-10-22,TAMPA BAY BUCCANEERS,ATLANTA FALCONS,-3.0,37.5,0
2023-10-22,LOS ANGELES RAMS,PITTSBURGH STEELERS,-3.0,43.5,0
2023-10-22,SEATTLE SEAHAWKS,ARIZONA CARDINALS,-8.5,43.5,1
2023-10-22,DENVER BRONCOS,GREEN BAY PACKERS,-1.0,44.0,1
2023-10-22,KANSAS CITY CHIEFS,LOS ANGELES CHARGERS,-5.5,48.5,1
2023-10-22,PHILADELPHIA EAGLES,MIAMI DOLPHINS,-3.0,51.5,1
2023-10-23,MINNESOTA VIKINGS,SAN FRANCISCO 49ERS,7.0,44.0,1
2023-10-26,BUFFALO BILLS,TAMPA BAY BUCCANEERS,-10.0,43.5,1
2023-10-29,CAROLINA PANTHERS,HOUSTON TEXANS,3.5,42.5,1
2023-10-29,DALLAS COWBOYS,LOS ANGELES RAMS,-6.5,44.5,1
2023-10-29,GREEN BAY PACKERS,MINNESOTA VIKINGS,1.5,41.5,0
2023-10-29,INDIANAPOLIS COLTS,NEW ORLEANS SAINTS,1.5,43.5,0
2023-10-29,MIAMI DOLPHINS,NEW ENGLAND PATRIOTS,-8.5,46.5,1
2023-10-29,NEW YORK GIANTS,NEW YORK JETS,3.5,34.5,0
2023-10-29,PITTSBURGH STEELERS,JACKSONVILLE JAGUARS,2.5,40.5,0
2023-10-29,TENNESSEE TITANS,ATLANTA FALCONS,2.5,35.5,1
2023-10-29,WASHINGTON COMMANDERS,PHILADELPHIA EAGLES,6.5,42.5,0
2023-10-29,SEATTLE SEAHAWKS,CLEVELAND BROWNS,-4.5,39.5,1
2023-10-29,ARIZONA CARDINALS,BALTIMORE RAVENS,9.5,44.5,0
2023-10-29,DENVER BRONCOS,KANSAS CITY CHIEFS,7.0,45.5,1
2023-10-29,SAN FRANCISCO 49ERS,CINCINNATI BENGALS,-4.5,44.5,0
2023-10-29,LOS ANGELES CHARGERS,CHICAGO BEARS,-10.5,45.5,1
2023-10-30,DETROIT LIONS,LAS VEGAS RAIDERS,-7.0,45.5,1
2023-11-02,PITTSBURGH STEELERS,TENNESSEE TITANS,-3.0,36.5,1
2023-11-05,KANSAS CITY CHIEFS,MIAMI DOLPHINS,-1.5,51.5,1
2023-11-05,ATLANTA FALCONS,MINNESOTA VIKINGS,-3.5,39.5,0
2023-11-05,BALTIMORE RAVENS,SEATTLE SEAHAWKS,-6.5,44.5,1
2023-11-05,CLEVELAND BROWNS,ARIZONA CARDINALS,-13.5,38.5,1
2023-11-05,GREEN BAY PACKERS,LOS ANGELES RAMS,-3.5,37.5,1
2023-11-05,HOUSTON TEXANS,TAMPA BAY BUCCANEERS,-2.5,36.5,1
2023-11-05,NEW ENGLAND PATRIOTS,WASHINGTON COMMANDERS,-2.5,40.5,0
2023-11-05,NEW ORLEANS SAINTS,CHICAGO BEARS,-8.5,42.5,1
2023-11-05,CAROLINA PANTHERS,INDIANAPOLIS COLTS,1.5,44.5,0
2023-11-05,LAS VEGAS RAIDERS,NEW YORK GIANTS,-1.5,38.5,1
2023-11-05,PHILADELPHIA EAGLES,DALLAS COWBOYS,-3.0,46.5,1
2023-11-05,CINCINNATI BENGALS,BUFFALO BILLS,-1.5,50.5,1
2023-11-06,NEW YORK JETS,LOS ANGELES CHARGERS,3.0,41.0,0
2023-11-09,CHICAGO BEARS,CAROLINA PANTHERS,-3.5,38.5,1
2023-11-12,INDIANAPOLIS COLTS,NEW ENGLAND PATRIOTS,-2.5,41.5,1
2023-11-12,BALTIMORE RAVENS,CLEVELAND BROWNS,-6.0,38.5,0
2023-11-12,CINCINNATI BENGALS,HOUSTON TEXANS,-5.5,45.5,0
2023-11-12,JACKSONVILLE JAGUARS,SAN FRANCISCO 49ERS,3.0,44.5,0
2023-11-12,MINNESOTA VIKINGS,NEW ORLEANS SAINTS,2.5,40.5,1
2023-11-12,PITTSBURGH STEELERS,GREEN BAY PACKERS,-3.0,38.5,1
2023-11-12,TAMPA BAY BUCCANEERS,TENNESSEE TITANS,-2.5,38.5,1
2023-11-12,ARIZONA CARDINALS,ATLANTA FALCONS,2.5,43.5,1
2023-11-12,LOS ANGELES CHARGERS,DETROIT LIONS,2.5,48.5,0
2023-11-12,DALLAS COWBOYS,NEW YORK GIANTS,-17.5,38.5,1
2023-11-12,SEATTLE SEAHAWKS,WASHINGTON COMMANDERS,-5.5,44.5,1
2023-11-12,LAS VEGAS RAIDERS,NEW YORK JETS,1.5,35.5,1
2023-11-13,BUFFALO BILLS,DENVER BRONCOS,-7.5,47.5,0
2023-11-16,BALTIMORE RAVENS,CINCINNATI BENGALS,-3.5,46.5,1
2023-11-19,CAROLINA PANTHERS,DALLAS COWBOYS,11.0,42.5,0
2023-11-19,CLEVELAND BROWNS,PITTSBURGH STEELERS,-1.5,33.5,1
2023-11-19,DETROIT LIONS,CHICAGO BEARS,-7.5,48.5,1
2023-11-19,GREEN BAY PACKERS,LOS ANGELES CHARGERS,3.0,44.0,1
2023-11-19,HOUSTON TEXANS,ARIZONA CARDINALS,-5.5,48.5,1
2023-11-19,JACKSONVILLE JAGUARS,TENNESSEE TITANS,-6.5,40.0,1
2023-11-19,MIAMI DOLPHINS,LAS VEGAS RAIDERS,-13.5,46.0,1
2023-11-19,WASHINGTON COMMANDERS,NEW YORK GIANTS,-7.5,39.5,0
2023-11-19,SAN FRANCISCO 49ERS,TAMPA BAY BUCCANEERS,-13.5,41.5,1
2023-11-19,BUFFALO BILLS,NEW YORK JETS,-7.5,38.5,1
2023-11-19,LOS ANGELES RAMS,SEATTLE SEAHAWKS,-2.0,45.5,1
2023-11-19,DENVER BRONCOS,MINNESOTA VIKINGS,-2.5,42.5,1
2023-11-20,KANSAS CITY CHIEFS,PHILADELPHIA EAGLES,-2.5,45.5,0
2023-11-23,DETROIT LIONS,GREEN BAY PACKERS,-8.5,46.5,0
2023-11-23,DALLAS COWBOYS,WASHINGTON COMMANDERS,-13.5,47.5,1
2023-11-23,SEATTLE SEAHAWKS,SAN FRANCISCO 49ERS,7.0,43.5,0
2023-11-24,NEW YORK JETS,MIAMI DOLPHINS,9.5,39.5,0
2023-11-26,ATLANTA FALCONS,NEW ORLEANS SAINTS,1.5,40.5,1
2023-11-26,CINCINNATI BENGALS,PITTSBURGH STEELERS,2.5,35.5,0
2023-11-26,HOUSTON TEXANS,JACKSONVILLE JAGUARS,1.5,48.5,0
2023-11-26,INDIANAPOLIS COLTS,TAMPA BAY BUCCANEERS,-2.5,44.5,1
2023-11-26,NEW YORK GIANTS,NEW ENGLAND PATRIOTS,4.0,36.0,1
2023-11-26,TENNESSEE TITANS,CAROLINA PANTHERS,-3.5,36.5,1
2023-11-26,ARIZONA CARDINALS,LOS ANGELES RAMS,2.5,45.5,0
2023-11-26,DENVER BRONCOS,CLEVELAND BROWNS,-1.0,37.0,1
2023-11-26,LAS VEGAS RAIDERS,KANSAS CITY CHIEFS,9.5,42.5,0
2023-11-26,PHILADELPHIA EAGLES,BUFFALO BILLS,-2.5,48.5,1
2023-11-26,LOS ANGELES CHARGERS,BALTIMORE RAVENS,3.0,48.5,0
2023-11-27,MINNESOTA VIKINGS,CHICAGO BEARS,-3.0,43.5,0
2023-11-30,DALLAS COWBOYS,SEATTLE SEAHAWKS,-9.5,47.5,1
2023-12-03,HOUSTON TEXANS,DENVER BRONCOS,-3.5,47.0,1
2023-12-03,NEW ENGLAND PATRIOTS,LOS ANGELES CHARGERS,4.5,39.0,0
2023-12-03,NEW ORLEANS SAINTS,DETROIT LIONS,4.0,48.0,0
2023-12-03,NEW YORK JETS,ATLANTA FALCONS,2.0,33.0,0
2023-12-03,PITTSBURGH STEELERS,ARIZONA CARDINALS,-6.0,41.0,0
2023-12-03,TENNESSEE TITANS,INDIANAPOLIS COLTS,1.5,42.5,0
2023-12-03,WASHINGTON COMMANDERS,MIAMI DOLPHINS,8.5,49.5,0
2023-12-03,TAMPA BAY BUCCANEERS,CAROLINA PANTHERS,-3.5,37.0,1
2023-12-03,LOS ANGELES RAMS,CLEVELAND BROWNS,-3.5,39.5,1
2023-12-03,PHILADELPHIA EAGLES,SAN FRANCISCO 49ERS,3.0,46.5,0
2023-12-03,GREEN BAY PACKERS,KANSAS CITY CHIEFS,5.5,43.5,1
2023-12-04,JACKSONVILLE JAGUARS,CINCINNATI BENGALS,-10.0,40.5,0
2023-12-07,PITTSBURGH STEELERS,NEW ENGLAND PATRIOTS,-5.5,30.5,0
2023-12-10,ATLANTA FALCONS,TAMPA BAY BUCCANEERS,-1.5,41.5,0
2023-12-10,BALTIMORE RAVENS,LOS ANGELES RAMS,-7.5,42.0,1
2023-12-10,CHICAGO BEARS,DETROIT LIONS,3.0,44.5,1
2023-12-10,CINCINNATI BENGALS,INDIANAPOLIS COLTS,-3.0,44.5,1
2023-12-10,CLEVELAND BROWNS,JACKSONVILLE JAGUARS,-2.5,37.5,1
2023-12-10,NEW ORLEANS SAINTS,CAROLINA PANTHERS,-6.0,38.5,1
2023-12-10,NEW YORK JETS,HOUSTON TEXANS,3.0,33.5,1
2023-12-10,LAS VEGAS RAIDERS,MINNESOTA VIKINGS,3.0,40.5,0
2023-12-10,SAN FRANCISCO 49ERS,SEATTLE SEAHAWKS,-14.5,44.5,1
2023-12-10,KANSAS CITY CHIEFS,BUFFALO BILLS,-1.5,49.0,0
2023-12-10,LOS ANGELES CHARGERS,DENVER BRONCOS,-3.0,44.5,0
2023-12-10,DALLAS COWBOYS,PHILADELPHIA EAGLES,-3.5,52.5,1
2023-12-11,MIAMI DOLPHINS,TENNESSEE TITANS,-13.5,44.5,0
2023-12-11,NEW YORK GIANTS,GREEN BAY PACKERS,5.5,37.5,1
2023-12-14,LAS VEGAS RAIDERS,LOS ANGELES CHARGERS,-3.0,36.0,1
2023-12-16,CINCINNATI BENGALS,MINNESOTA VIKINGS,-3.0,41.5,1
2023-12-16,INDIANAPOLIS COLTS,PITTSBURGH STEELERS,-1.5,41.5,1
2023-12-16,DETROIT LIONS,DENVER BRONCOS,-5.5,49.0,1
2023-12-17,CAROLINA PANTHERS,ATLANTA FALCONS,3.0,32.5,1
2023-12-17,CLEVELAND BROWNS,CHICAGO BEARS,-2.5,38.0,1
2023-12-17,GREEN BAY PACKERS,TAMPA BAY BUCCANEERS,-3.5,41.5,0
2023-12-17,MIAMI DOLPHINS,NEW YORK JETS,-7.0,35.5,1
2023-12-17,NEW ENGLAND PATRIOTS,KANSAS CITY CHIEFS,10.0,39.5,0
2023-12-17,NEW ORLEANS SAINTS,NEW YORK GIANTS,-6.0,39.5,1
2023-12-17,TENNESSEE TITANS,HOUSTON TEXANS,-3.0,38.0,0
2023-12-17,ARIZONA CARDINALS,SAN FRANCISCO 49ERS,12.0,48.0,0
2023-12-17,LOS ANGELES RAMS,WASHINGTON COMMANDERS,-6.5,48.5,1
2023-12-17,BUFFALO BILLS,DALLAS COWBOYS,-2.5,49.0,1
2023-12-17,JACKSONVILLE JAGUARS,BALTIMORE RAVENS,4.0,42.0,0
2023-12-18,SEATTLE SEAHAWKS,PHILADELPHIA EAGLES,5.5,46.0,1
2023-12-21,LOS ANGELES RAMS,NEW ORLEANS SAINTS,-4.0,45.5,1
2023-12-23,PITTSBURGH STEELERS,CINCINNATI BENGALS,3.0,39.0,1
2023-12-23,LOS ANGELES CHARGERS,BUFFALO BILLS,12.5,44.5,0
2023-12-24,ATLANTA FALCONS,INDIANAPOLIS COLTS,-2.5,44.5,1
2023-12-24,CAROLINA PANTHERS,GREEN BAY PACKERS,3.5,39.5,0
2023-12-24,HOUSTON TEXANS,CLEVELAND BROWNS,3.0,40.0,0
2023-12-24,MINNESOTA VIKINGS,DETROIT LIONS,2.5,47.5,0
2023-12-24,NEW YORK JETS,WASHINGTON COMMANDERS,-3.0,36.5,1
2023-12-24,TENNESSEE TITANS,SEATTLE SEAHAWKS,3.0,42.5,0
2023-12-24,TAMPA BAY BUCCANEERS,JACKSONVILLE JAGUARS,2.5,43.5,1
2023-12-24,CHICAGO BEARS,ARIZONA CARDINALS,-4.5,42.5,1
2023-12-24,MIAMI DOLPHINS,DALLAS COWBOYS,-1.5,48.5,1
2023-12-24,DENVER BRONCOS,NEW ENGLAND PATRIOTS,-7.0,37.0,0
2023-12-25,KANSAS CITY CHIEFS,LAS VEGAS RAIDERS,-10.5,40.5,0
2023-12-25,PHILADELPHIA EAGLES,NEW YORK GIANTS,-14.0,41.5,1
2023-12-25,SAN FRANCISCO 49ERS,BALTIMORE RAVENS,-6.5,47.0,0
2023-12-28,CLEVELAND BROWNS,NEW YORK JETS,-7.0,33.5,1
2023-12-30,DALLAS COWBOYS,DETROIT LIONS,-5.0,53.5,1
2023-12-31,BALTIMORE RAVENS,MIAMI DOLPHINS,-3.5,46.5,1
2023-12-31,BUFFALO BILLS,NEW ENGLAND PATRIOTS,-14.5,40.0,1
2023-12-31,CHICAGO BEARS,ATLANTA FALCONS,-2.5,39.0,1
2023-12-31,HOUSTON TEXANS,TENNESSEE TITANS,-5.5,44.0,1
2023-12-31,INDIANAPOLIS COLTS,LAS VEGAS RAIDERS,-3.5,42.5,1
2023-12-31,JACKSONVILLE JAGUARS,CAROLINA PANTHERS,-3.5,38.5,1
2023-12-31,NEW YORK GIANTS,LOS ANGELES RAMS,6.5,43.5,0
2023-12-31,PHILADELPHIA EAGLES,ARIZONA CARDINALS,-12.5,48.0,0
2023-12-31,TAMPA BAY BUCCANEERS,NEW ORLEANS SAINTS,-2.5,42.5,0
2023-12-31,WASHINGTON COMMANDERS,SAN FRANCISCO 49ERS,14.0,48.5,0
2023-12-31,SEATTLE SEAHAWKS,PITTSBURGH STEELERS,-4.5,40.5,0
2023-12-31,DENVER BRONCOS,LOS ANGELES CHARGERS,-3.5,39.5,1
2023-12-31,KANSAS CITY CHIEFS,CINCINNATI BENGALS,-7.0,45.5,1
2023-12-31,MINNESOTA VIKINGS,GREEN BAY PACKERS,-1.5,42.5,0
2023-12-31,BALTIMORE RAVENS,PITTSBURGH STEELERS,3.0,34.0,0
2023-12-31,INDIANAPOLIS COLTS,HOUSTON TEXANS,1.5,47.5,0
2023-12-31,CAROLINA PANTHERS,TAMPA BAY BUCCANEERS,4.0,36.5,0
2023-12-31,CINCINNATI BENGALS,CLEVELAND BROWNS,-7.5,37.0,1
2023-12-31,DETROIT LIONS,MINNESOTA VIKINGS,-3.5,47.5,1
2023-12-31,NEW ENGLAND PATRIOTS,NEW YORK JETS,-2.0,28.5,0
2023-12-31,NEW ORLEANS SAINTS,ATLANTA FALCONS,-3.0,42.0,1
2023-12-31,TENNESSEE TITANS,JACKSONVILLE JAGUARS,3.5,41.5,1
2023-12-31,ARIZONA CARDINALS,SEATTLE SEAHAWKS,3.0,47.5,0
2023-12-31,GREEN BAY PACKERS,CHICAGO BEARS,-3.0,46.0,1
2023-12-31,LAS VEGAS RAIDERS,DENVER BRONCOS,-3.0,37.5,1
2023-12-31,LOS ANGELES CHARGERS,KANSAS CITY CHIEFS,-3.5,35.0,0
2023-12-31,NEW YORK GIANTS,PHILADELPHIA EAGLES,5.0,42.5,1
2023-12-31,SAN FRANCISCO 49ERS,LOS ANGELES RAMS,-5.5,40.0,0
2023-12-31,WASHINGTON COMMANDERS,DALLAS COWBOYS,13.0,47.5,0
2023-12-31,MIAMI DOLPHINS,BUFFALO BILLS,2.5,48.0,0
2024-09-05,KANSAS CITY CHIEFS,BALTIMORE RAVENS,-3.0,46.0,1
2024-09-06,PHILADELPHIA EAGLES,GREEN BAY PACKERS,-1.5,49.5,1
2024-09-08,ATLANTA FALCONS,PITTSBURGH STEELERS,-4.0,43.0,0
2024-09-08,BUFFALO BILLS,ARIZONA CARDINALS,-6.5,46.0,1
2024-09-08,CHICAGO BEARS,TENNESSEE TITANS,-4.0,43.0,1
2024-09-08,CINCINNATI BENGALS,NEW ENGLAND PATRIOTS,-7.5,40.5,0
2024-09-08,INDIANAPOLIS COLTS,HOUSTON TEXANS,3.0,48.0,0
2024-09-08,MIAMI DOLPHINS,JACKSONVILLE JAGUARS,-3.5,49.5,1
2024-09-08,NEW ORLEANS SAINTS,CAROLINA PANTHERS,-3.5,41.5,1
2024-09-08,NEW YORK GIANTS,MINNESOTA VIKINGS,1.0,42.0,0
2024-09-08,LOS ANGELES CHARGERS,LAS VEGAS RAIDERS,-3.0,40.5,1
2024-09-08,SEATTLE SEAHAWKS,DENVER BRONCOS,-6.5,42.5,1
2024-09-08,CLEVELAND BROWNS,DALLAS COWBOYS,-2.0,42.0,0
2024-09-08,TAMPA BAY BUCCANEERS,WASHINGTON COMMANDERS,-4.0,42.5,1
2024-09-08,DETROIT LIONS,LOS ANGELES RAMS,-5.5,53.5,1
2024-09-12,MIAMI DOLPHINS,BUFFALO BILLS,-2.5,49.0,0
2024-09-15,BALTIMORE RAVENS,LAS VEGAS RAIDERS,-8.5,42.5,0
2024-09-15,CAROLINA PANTHERS,LOS ANGELES CHARGERS,4.5,38.5,0
2024-09-15,DALLAS COWBOYS,NEW ORLEANS SAINTS,-6.5,47.0,0
2024-09-15,DETROIT LIONS,TAMPA BAY BUCCANEERS,-7.5,51.5,0
2024-09-15,GREEN BAY PACKERS,INDIANAPOLIS COLTS,2.5,41.5,1
2024-09-15,JACKSONVILLE JAGUARS,CLEVELAND BROWNS,-3.0,41.0,0
2024-09-15,SEATTLE SEAHAWKS,MINNESOTA VIKINGS,-15.0,23.0,0
2024-09-15,TENNESSEE TITANS,NEW YORK JETS,3.5,41.0,0
2024-09-15,WASHINGTON COMMANDERS,NEW YORK GIANTS,-1.5,43.0,1
2024-09-15,ARIZONA CARDINALS,LOS ANGELES RAMS,-1.0,47.5,1
2024-09-15,DENVER BRONCOS,PITTSBURGH STEELERS,2.5,36.5,0
2024-09-15,KANSAS CITY CHIEFS,CINCINNATI BENGALS,-6.5,47.5,1
2024-09-15,HOUSTON TEXANS,CHICAGO BEARS,-6.5,45.5,1
2024-09-16,PHILADELPHIA EAGLES,ATLANTA FALCONS,-5.5,46.5,0
2024-09-19,NEW YORK JETS,NEW ENGLAND PATRIOTS,-6.5,39.5,1
2024-09-22,CLEVELAND BROWNS,NEW YORK GIANTS,-6.5,38.0,0
2024-09-22,INDIANAPOLIS COLTS,CHICAGO BEARS,-2.0,43.5,1
2024-09-22,MINNESOTA VIKINGS,HOUSTON TEXANS,1.5,46.5,1
2024-09-22,NEW ORLEANS SAINTS,PHILADELPHIA EAGLES,-2.5,49.0,0
2024-09-22,PITTSBURGH STEELERS,LOS ANGELES CHARGERS,-2.5,36.0,1
2024-09-22,TAMPA BAY BUCCANEERS,DENVER BRONCOS,-6.0,40.5,0
2024-09-22,TENNESSEE TITANS,GREEN BAY PACKERS,-3.0,37.0,0
2024-09-22,LAS VEGAS RAIDERS,CAROLINA PANTHERS,-5.5,40.0,0
2024-09-22,SEATTLE SEAHAWKS,MIAMI DOLPHINS,-4.0,41.5,1
2024-09-22,ARIZONA CARDINALS,DETROIT LIONS,3.0,51.5,0
2024-09-22,DALLAS COWBOYS,BALTIMORE RAVENS,1.5,47.5,0
2024-09-22,KANSAS CITY CHIEFS,LOS ANGELES RAMS,-22.0,22.0,0
2024-09-23,BUFFALO BILLS,JACKSONVILLE JAGUARS,-4.5,46.5,1
2024-09-23,CINCINNATI BENGALS,WASHINGTON COMMANDERS,-7.5,46.5,0
2024-09-26,NEW YORK GIANTS,DALLAS COWBOYS,5.5,45.0,0
2024-09-29,ATLANTA FALCONS,NEW ORLEANS SAINTS,-2.5,42.5,1
2024-09-29,CAROLINA PANTHERS,CINCINNATI BENGALS,5.5,46.5,0
2024-09-29,CHICAGO BEARS,LOS ANGELES RAMS,-3.0,40.5,1
2024-09-29,GREEN BAY PACKERS,MINNESOTA VIKINGS,-2.5,44.0,0
2024-09-29,HOUSTON TEXANS,JACKSONVILLE JAGUARS,-5.5,44.5,1
2024-09-29,INDIANAPOLIS COLTS,PITTSBURGH STEELERS,2.5,41.0,1
2024-09-29,NEW YORK JETS,DENVER BRONCOS,-8.0,39.5,0
2024-09-29,TAMPA BAY BUCCANEERS,PHILADELPHIA EAGLES,1.0,42.5,1
2024-09-29,ARIZONA CARDINALS,WASHINGTON COMMANDERS,-3.5,48.5,0
2024-09-29,LAS VEGAS RAIDERS,CLEVELAND BROWNS,2.5,37.0,1
2024-09-29,LOS ANGELES CHARGERS,KANSAS CITY CHIEFS,7.0,41.5,0
2024-09-29,BALTIMORE RAVENS,BUFFALO BILLS,-2.5,47.5,1
2024-09-30,MIAMI DOLPHINS,TENNESSEE TITANS,-2.5,37.5,0
2024-09-30,DETROIT LIONS,SEATTLE SEAHAWKS,-4.5,47.0,1
2024-10-03,ATLANTA FALCONS,TAMPA BAY BUCCANEERS,-2.5,44.0,1
2024-10-06,MINNESOTA VIKINGS,NEW YORK JETS,-2.5,42.0,1
2024-10-06,CHICAGO BEARS,CAROLINA PANTHERS,-4.0,40.0,1
2024-10-06,CINCINNATI BENGALS,BALTIMORE RAVENS,2.5,48.5,0
2024-10-06,HOUSTON TEXANS,BUFFALO BILLS,-1.5,48.0,1
2024-10-06,JACKSONVILLE JAGUARS,INDIANAPOLIS COLTS,-3.5,44.5,1
2024-10-06,NEW ENGLAND PATRIOTS,MIAMI DOLPHINS,2.0,37.0,0
2024-10-06,WASHINGTON COMMANDERS,CLEVELAND BROWNS,-3.0,43.5,1
2024-10-06,DENVER BRONCOS,LAS VEGAS RAIDERS,-3.0,36.0,1
2024-10-06,LOS ANGELES RAMS,GREEN BAY PACKERS,3.0,49.5,0
2024-10-06,SEATTLE SEAHAWKS,NEW YORK GIANTS,-7.0,42.5,0
2024-10-06,PITTSBURGH STEELERS,DALLAS COWBOYS,-2.5,44.0,0
2024-10-07,KANSAS CITY CHIEFS,NEW ORLEANS SAINTS,-5.0,43.0,1
2024-10-10,JACKSONVILLE JAGUARS,SEATTLE SEAHAWKS,-13.0,16.0,0
2024-10-13,BALTIMORE RAVENS,WASHINGTON COMMANDERS,-7.0,50.5,1
2024-10-13,GREEN BAY PACKERS,ARIZONA CARDINALS,-5.5,47.0,1
2024-10-13,NEW ENGLAND PATRIOTS,HOUSTON TEXANS,6.5,39.5,0
2024-10-13,NEW ORLEANS SAINTS,TAMPA BAY BUCCANEERS,3.5,42.5,0
2024-10-13,PHILADELPHIA EAGLES,CLEVELAND BROWNS,-8.5,42.0,1
2024-10-13,TENNESSEE TITANS,INDIANAPOLIS COLTS,-2.5,41.5,0
2024-10-13,DENVER BRONCOS,LOS ANGELES CHARGERS,3.0,37.5,0
2024-10-13,LAS VEGAS RAIDERS,PITTSBURGH STEELERS,3.5,37.0,0
2024-10-13,CAROLINA PANTHERS,ATLANTA FALCONS,6.0,45.5,0
2024-10-13,DALLAS COWBOYS,DETROIT LIONS,3.5,53.5,0
2024-10-13,NEW YORK GIANTS,CINCINNATI BENGALS,4.5,46.0,0
2024-10-14,NEW YORK JETS,BUFFALO BILLS,1.5,42.0,0
2024-10-17,NEW ORLEANS SAINTS,DENVER BRONCOS,2.5,37.0,0
2024-10-20,JACKSONVILLE JAGUARS,NEW ENGLAND PATRIOTS,-7.0,41.5,1
2024-10-20,ATLANTA FALCONS,SEATTLE SEAHAWKS,-3.0,51.5,0
2024-10-20,BUFFALO BILLS,TENNESSEE TITANS,-9.5,41.0,1
2024-10-20,CLEVELAND BROWNS,CINCINNATI BENGALS,5.5,42.5,0
2024-10-20,GREEN BAY PACKERS,HOUSTON TEXANS,-3.0,47.5,1
2024-10-20,INDIANAPOLIS COLTS,MIAMI DOLPHINS,-3.0,44.0,1
2024-10-20,MINNESOTA VIKINGS,DETROIT LIONS,-1.5,50.0,0
2024-10-20,NEW YORK GIANTS,PHILADELPHIA EAGLES,3.0,41.5,0
2024-10-20,LOS ANGELES RAMS,LAS VEGAS RAIDERS,-7.0,43.5,1
2024-10-20,WASHINGTON COMMANDERS,CAROLINA PANTHERS,-10.0,51.0,1
2024-10-20,PITTSBURGH STEELERS,NEW YORK JETS,2.5,40.0,1
2024-10-21,TAMPA BAY BUCCANEERS,BALTIMORE RAVENS,4.5,51.0,0
2024-10-21,ARIZONA CARDINALS,LOS ANGELES CHARGERS,1.0,44.5,1
2024-10-24,LOS ANGELES RAMS,MINNESOTA VIKINGS,2.5,47.0,1
2024-10-27,CINCINNATI BENGALS,PHILADELPHIA EAGLES,-2.5,47.5,0
2024-10-27,CLEVELAND BROWNS,BALTIMORE RAVENS,7.5,44.5,1
2024-10-27,DETROIT LIONS,TENNESSEE TITANS,-12.5,45.5,1
2024-10-27,HOUSTON TEXANS,INDIANAPOLIS COLTS,-4.5,45.0,1
2024-10-27,JACKSONVILLE JAGUARS,GREEN BAY PACKERS,3.5,49.0,0
2024-10-27,MIAMI DOLPHINS,ARIZONA CARDINALS,-5.0,46.5,0
2024-10-27,NEW ENGLAND PATRIOTS,NEW YORK JETS,7.0,41.5,1
2024-10-27,TAMPA BAY BUCCANEERS,ATLANTA FALCONS,1.5,47.5,0
2024-10-27,LOS ANGELES CHARGERS,NEW ORLEANS SAINTS,-7.5,41.5,1
2024-10-27,SEATTLE SEAHAWKS,BUFFALO BILLS,3.0,45.5,0
2024-10-27,DENVER BRONCOS,CAROLINA PANTHERS,-13.0,40.5,1
2024-10-27,LAS VEGAS RAIDERS,KANSAS CITY CHIEFS,8.5,43.0,0
2024-10-27,WASHINGTON COMMANDERS,CHICAGO BEARS,-1.5,46.5,1
2024-10-27,DALLAS COWBOYS,PITTSBURGH STEELERS,28.0,26.0,1
2024-10-31,NEW YORK JETS,HOUSTON TEXANS,-2.5,43.0,1
2024-11-03,ATLANTA FALCONS,DALLAS COWBOYS,-3.0,52.0,1
2024-11-03,BALTIMORE RAVENS,DENVER BRONCOS,-9.0,46.5,1
2024-11-03,BUFFALO BILLS,MIAMI DOLPHINS,-6.0,49.0,1
2024-11-03,CAROLINA PANTHERS,NEW ORLEANS SAINTS,7.0,43.5,1
2024-11-03,CINCINNATI BENGALS,LAS VEGAS RAIDERS,-7.5,44.5,1
2024-11-03,CLEVELAND BROWNS,LOS ANGELES CHARGERS,2.0,41.5,0
2024-11-03,NEW YORK GIANTS,WASHINGTON COMMANDERS,4.0,44.0,0
2024-11-03,TENNESSEE TITANS,NEW ENGLAND PATRIOTS,-3.5,38.5,1
2024-11-03,ARIZONA CARDINALS,CHICAGO BEARS,-1.5,44.5,1
2024-11-03,PHILADELPHIA EAGLES,JACKSONVILLE JAGUARS,-7.5,46.0,1
2024-11-03,GREEN BAY PACKERS,DETROIT LIONS,2.5,48.5,0
2024-11-03,SEATTLE SEAHAWKS,LOS ANGELES RAMS,2.0,48.5,0
2024-11-03,MINNESOTA VIKINGS,INDIANAPOLIS COLTS,-6.0,47.0,1
2024-11-04,KANSAS CITY CHIEFS,TAMPA BAY BUCCANEERS,-9.0,45.5,1
2024-11-07,BALTIMORE RAVENS,CINCINNATI BENGALS,-6.0,53.0,1
2024-11-10,NEW YORK GIANTS,CAROLINA PANTHERS,-6.5,40.5,0
2024-11-10,CHICAGO BEARS,NEW ENGLAND PATRIOTS,-6.5,37.5,0
2024-11-10,INDIANAPOLIS COLTS,BUFFALO BILLS,4.5,46.5,0
2024-11-10,JACKSONVILLE JAGUARS,MINNESOTA VIKINGS,7.0,42.5,0
2024-11-10,KANSAS CITY CHIEFS,DENVER BRONCOS,-7.0,42.5,1
2024-11-10,NEW ORLEANS SAINTS,ATLANTA FALCONS,3.5,47.5,1
2024-11-10,WASHINGTON COMMANDERS,TAMPA BAY BUCCANEERS,-10.0,27.0,0
2024-11-10,LOS ANGELES CHARGERS,TENNESSEE TITANS,-8.5,39.5,1
2024-11-10,ARIZONA CARDINALS,NEW YORK JETS,2.0,46.0,1
2024-11-10,DALLAS COWBOYS,PHILADELPHIA EAGLES,7.0,44.5,0
2024-11-10,HOUSTON TEXANS,DETROIT LIONS,4.0,49.0,0
2024-11-11,LOS ANGELES RAMS,MIAMI DOLPHINS,-2.5,49.5,0
2024-11-14,PHILADELPHIA EAGLES,WASHINGTON COMMANDERS,-4.5,49.0,1
2024-11-17,CHICAGO BEARS,GREEN BAY PACKERS,6.0,41.0,0
2024-11-17,DETROIT LIONS,JACKSONVILLE JAGUARS,-13.5,47.5,1
2024-11-17,MIAMI DOLPHINS,LAS VEGAS RAIDERS,-8.0,43.5,1
2024-11-17,NEW ENGLAND PATRIOTS,LOS ANGELES RAMS,4.0,42.0,0
2024-11-17,NEW ORLEANS SAINTS,CLEVELAND BROWNS,1.0,44.0,1
2024-11-17,NEW YORK JETS,INDIANAPOLIS COLTS,-4.0,43.0,0
2024-11-17,PITTSBURGH STEELERS,BALTIMORE RAVENS,3.0,48.5,1
2024-11-17,TENNESSEE TITANS,MINNESOTA VIKINGS,6.0,40.0,0
2024-11-17,DENVER BRONCOS,ATLANTA FALCONS,-2.0,44.5,1
2024-11-17,SEATTLE SEAHAWKS,BUFFALO BILLS,17.0,30.0,1
2024-11-17,LOS ANGELES CHARGERS,CINCINNATI BENGALS,-1.0,48.0,1
2024-11-18,DALLAS COWBOYS,HOUSTON TEXANS,7.0,41.5,0
2024-11-21,CLEVELAND BROWNS,PITTSBURGH STEELERS,3.5,36.5,1
2024-11-24,CAROLINA PANTHERS,KANSAS CITY CHIEFS,11.0,43.0,0
2024-11-24,CHICAGO BEARS,MINNESOTA VIKINGS,3.0,39.5,0
2024-11-24,HOUSTON TEXANS,TENNESSEE TITANS,-8.0,40.5,0
2024-11-24,INDIANAPOLIS COLTS,DETROIT LIONS,8.0,50.5,0
2024-11-24,MIAMI DOLPHINS,NEW ENGLAND PATRIOTS,-7.5,45.5,1
2024-11-24,NEW YORK GIANTS,TAMPA BAY BUCCANEERS,6.0,40.5,0
2024-11-24,WASHINGTON COMMANDERS,DALLAS COWBOYS,-10.5,44.5,0
2024-11-24,LAS VEGAS RAIDERS,DENVER BRONCOS,5.5,41.5,0
2024-11-24,GREEN BAY PACKERS,ARIZONA CARDINALS,-6.0,6.0,1
2024-11-24,LOS ANGELES RAMS,PHILADELPHIA EAGLES,3.0,48.5,0
2024-11-25,LOS ANGELES CHARGERS,BALTIMORE RAVENS,3.0,51.0,0
2024-11-28,DETROIT LIONS,CHICAGO BEARS,-9.5,48.0,1
2024-11-28,DALLAS COWBOYS,NEW YORK GIANTS,-4.0,39.0,1
2024-11-28,GREEN BAY PACKERS,MIAMI DOLPHINS,-3.5,47.5,1
2024-11-29,KANSAS CITY CHIEFS,LAS VEGAS RAIDERS,-13.5,42.5,1
2024-12-01,ATLANTA FALCONS,LOS ANGELES CHARGERS,1.0,47.0,0
2024-12-01,CINCINNATI BENGALS,PITTSBURGH STEELERS,-3.0,46.0,0
2024-12-01,JACKSONVILLE JAGUARS,HOUSTON TEXANS,3.5,44.5,0
2024-12-01,MINNESOTA VIKINGS,ARIZONA CARDINALS,-3.5,45.5,1
2024-12-01,NEW ENGLAND PATRIOTS,INDIANAPOLIS COLTS,2.5,41.5,0
2024-12-01,NEW YORK JETS,SEATTLE SEAHAWKS,-1.5,41.5,0
2024-12-01,WASHINGTON COMMANDERS,TENNESSEE TITANS,-6.0,45.5,1
2024-12-01,CAROLINA PANTHERS,TAMPA BAY BUCCANEERS,6.5,46.0,0
2024-12-01,NEW ORLEANS SAINTS,LOS ANGELES RAMS,2.5,49.0,0
2024-12-01,BALTIMORE RAVENS,PHILADELPHIA EAGLES,-3.0,50.0,0
2024-12-01,BUFFALO BILLS,DENVER BRONCOS,-6.5,41.0,1
2024-12-05,DETROIT LIONS,GREEN BAY PACKERS,-3.5,53.0,1
2024-12-08,MIAMI DOLPHINS,NEW YORK JETS,-6.5,45.5,1
2024-12-08,MINNESOTA VIKINGS,ATLANTA FALCONS,-6.0,46.5,1
2024-12-08,NEW YORK GIANTS,NEW ORLEANS SAINTS,-5.5,40.5,0
2024-12-08,PHILADELPHIA EAGLES,CAROLINA PANTHERS,-13.5,44.5,1
2024-12-08,PITTSBURGH STEELERS,CLEVELAND BROWNS,-6.0,42.5,1
2024-12-08,TAMPA BAY BUCCANEERS,LAS VEGAS RAIDERS,-6.5,47.0,1
2024-12-08,TENNESSEE TITANS,JACKSONVILLE JAGUARS,-3.0,40.5,0
2024-12-08,ARIZONA CARDINALS,SEATTLE SEAHAWKS,-3.0,45.5,0
2024-12-08,LOS ANGELES RAMS,BUFFALO BILLS,3.5,50.5,1
2024-12-08,CHICAGO BEARS,KANSAS CITY CHIEFS,8.0,19.0,1
2024-12-09,DALLAS COWBOYS,CINCINNATI BENGALS,4.5,50.5,0
2024-12-12,LOS ANGELES RAMS,CAROLINA PANTHERS,15.0,14.0,1
2024-12-15,CLEVELAND BROWNS,KANSAS CITY CHIEFS,4.0,41.0,0
2024-12-15,HOUSTON TEXANS,MIAMI DOLPHINS,-2.5,46.5,1
2024-12-15,JACKSONVILLE JAGUARS,NEW YORK JETS,3.5,41.5,0
2024-12-15,NEW ORLEANS SAINTS,WASHINGTON COMMANDERS,7.5,44.5,0
2024-12-15,NEW YORK GIANTS,BALTIMORE RAVENS,16.5,43.5,0
2024-12-15,TENNESSEE TITANS,CINCINNATI BENGALS,6.0,46.5,0
2024-12-15,ARIZONA CARDINALS,NEW ENGLAND PATRIOTS,-6.0,46.5,1
2024-12-15,DENVER BRONCOS,INDIANAPOLIS COLTS,-4.5,44.0,1
2024-12-15,DETROIT LIONS,BUFFALO BILLS,-2.5,55.5,0
2024-12-15,LOS ANGELES CHARGERS,TAMPA BAY BUCCANEERS,-3.0,46.0,0
2024-12-15,PHILADELPHIA EAGLES,PITTSBURGH STEELERS,-5.5,43.0,1
2024-12-15,SEATTLE SEAHAWKS,GREEN BAY PACKERS,3.0,48.0,0
2024-12-16,MINNESOTA VIKINGS,CHICAGO BEARS,-7.0,43.5,1
2024-12-16,LAS VEGAS RAIDERS,ATLANTA FALCONS,6.5,44.5,0
2024-12-19,LOS ANGELES CHARGERS,DENVER BRONCOS,-2.5,41.5,1
2024-12-21,KANSAS CITY CHIEFS,HOUSTON TEXANS,-3.0,42.5,1
2024-12-21,BALTIMORE RAVENS,PITTSBURGH STEELERS,-7.0,44.0,1
2024-12-22,ATLANTA FALCONS,NEW YORK GIANTS,-9.5,43.0,1
2024-12-22,BUFFALO BILLS,NEW ENGLAND PATRIOTS,-14.0,48.0,1
2024-12-22,CAROLINA PANTHERS,ARIZONA CARDINALS,5.5,47.0,1
2024-12-22,CHICAGO BEARS,DETROIT LIONS,7.0,47.5,0
2024-12-22,CINCINNATI BENGALS,CLEVELAND BROWNS,-10.0,46.0,1
2024-12-22,INDIANAPOLIS COLTS,TENNESSEE TITANS,-4.0,42.5,1
2024-12-22,NEW YORK JETS,LOS ANGELES RAMS,3.0,47.0,0
2024-12-22,WASHINGTON COMMANDERS,PHILADELPHIA EAGLES,4.0,46.5,1
2024-12-22,SEATTLE SEAHAWKS,MINNESOTA VIKINGS,2.5,43.0,0
2024-12-22,LAS VEGAS RAIDERS,JACKSONVILLE JAGUARS,-2.5,41.5,1
2024-12-22,DALLAS COWBOYS,TAMPA BAY BUCCANEERS,4.5,47.5,1
2024-12-23,GREEN BAY PACKERS,NEW ORLEANS SAINTS,-14.0,43.5,1
2024-12-25,PITTSBURGH STEELERS,KANSAS CITY CHIEFS,2.0,46.0,0
2024-12-25,HOUSTON TEXANS,BALTIMORE RAVENS,6.5,47.0,0
2024-12-26,CHICAGO BEARS,SEATTLE SEAHAWKS,4.5,42.5,0
2024-12-28,NEW ENGLAND PATRIOTS,LOS ANGELES CHARGERS,6.0,41.5,0
2024-12-28,CINCINNATI BENGALS,DENVER BRONCOS,-3.5,50.5,1
2024-12-28,LOS ANGELES RAMS,ARIZONA CARDINALS,-6.5,48.0,1
2024-12-29,BUFFALO BILLS,NEW YORK JETS,-10.0,44.5,1
2024-12-29,JACKSONVILLE JAGUARS,TENNESSEE TITANS,-1.0,38.5,1
2024-12-29,NEW ORLEANS SAINTS,LAS VEGAS RAIDERS,1.5,37.5,0
2024-12-29,NEW YORK GIANTS,INDIANAPOLIS COLTS,7.5,40.5,1
2024-12-29,PHILADELPHIA EAGLES,DALLAS COWBOYS,-7.5,37.5,1
2024-12-29,TAMPA BAY BUCCANEERS,CAROLINA PANTHERS,-10.0,47.5,1
2024-12-29,CLEVELAND BROWNS,MIAMI DOLPHINS,3.0,32.5,0
2024-12-29,MINNESOTA VIKINGS,GREEN BAY PACKERS,-1.0,49.0,1
2024-12-29,WASHINGTON COMMANDERS,ATLANTA FALCONS,-3.5,46.5,1
2025-01-04,BALTIMORE RAVENS,CLEVELAND BROWNS,-19.5,42.0,1
2025-01-04,PITTSBURGH STEELERS,CINCINNATI BENGALS,2.5,48.5,0
2025-01-05,ATLANTA FALCONS,CAROLINA PANTHERS,-8.0,48.5,0
2025-01-05,DALLAS COWBOYS,WASHINGTON COMMANDERS,7.0,43.5,0
2025-01-05,GREEN BAY PACKERS,CHICAGO BEARS,-10.0,41.5,0
2025-01-05,INDIANAPOLIS COLTS,JACKSONVILLE JAGUARS,-3.5,46.0,1
2025-01-05,NEW ENGLAND PATRIOTS,BUFFALO BILLS,3.5,36.5,1
2025-01-05,PHILADELPHIA EAGLES,NEW YORK GIANTS,-3.0,36.0,1
2025-01-05,TAMPA BAY BUCCANEERS,NEW ORLEANS SAINTS,-14.5,44.5,1
2025-01-05,TENNESSEE TITANS,HOUSTON TEXANS,-2.5,36.5,0
2025-01-05,ARIZONA CARDINALS,DENVER BRONCOS,-5.0,38.0,1
2025-01-05,LAS VEGAS RAIDERS,LOS ANGELES CHARGERS,7.0,42.0,0
2025-01-05,LOS ANGELES RAMS,SEATTLE SEAHAWKS,7.5,38.5,0
2025-01-05,NEW YORK JETS,MIAMI DOLPHINS,-2.0,39.5,1
2025-01-05,DETROIT LIONS,MINNESOTA VIKINGS,-3.0,56.5,1
2025-01-11,AFC WILD CARD,AFC WILD CARD,-8.0,12.0,1
2025-01-12,NFC WILD CARD,NFC WILD CARD,8.0,13.0,0
2025-01-18,NFC DIVISIONAL,NFC DIVISIONAL,8.0,19.0,0
2025-01-19,AFC CHAMPIONSHIP,NFC CHAMPIONSHIP,-3.0,26.0,1
